{"__meta":{"schema_version":3,"schema_name":"DRFModelV3","schema_type":"DRFModel"},"model_id":{"__meta":{"schema_version":3,"schema_name":"ModelKeyV3","schema_type":"Key<Model>"},"name":"Grid_DRF_Train_model_python_1701175593760_1_model_1","type":"Key<Model>","URL":"/3/Models/Grid_DRF_Train_model_python_1701175593760_1_model_1"},"algo":"drf","algo_full_name":"Distributed Random Forest","response_column_name":"porosity","treatment_column_name":null,"data_frame":{"__meta":{"schema_version":3,"schema_name":"FrameKeyV3","schema_type":"Key<Frame>"},"name":"Train","type":"Key<Frame>","URL":"/3/Frames/Train"},"timestamp":1701175599110,"have_pojo":true,"have_mojo":true,"algo":"drf","algo_full_name":"Distributed Random Forest","model_id":{"__meta":{"schema_version":3,"schema_name":"ModelKeyV3","schema_type":"Key<Model>"},"name":"Grid_DRF_Train_model_python_1701175593760_1_model_1","type":"Key<Model>","URL":"/3/Models/Grid_DRF_Train_model_python_1701175593760_1_model_1"},"parameters":[{"__meta":{"schema_version":3,"schema_name":"ModelParameterSchemaV3","schema_type":"Iced"},"name":"model_id","label":"model_id","help":"Destination id for this model; auto-generated if not specified.","required":false,"type":"Key<Model>","default_value":null,"actual_value":{"__meta":{"schema_version":3,"schema_name":"ModelKeyV3","schema_type":"Key<Model>"},"name":"Grid_DRF_Train_model_python_1701175593760_1_model_1","type":"Key<Model>","URL":"/3/Models/Grid_DRF_Train_model_python_1701175593760_1_model_1"},"input_value":null,"level":"critical","values":[],"is_member_of_frames":[],"is_mutually_exclusive_with":[],"gridable":false},{"__meta":{"schema_version":3,"schema_name":"ModelParameterSchemaV3","schema_type":"Iced"},"name":"training_frame","label":"training_frame","help":"Id of the training data frame.","required":false,"type":"Key<Frame>","default_value":null,"actual_value":null,"input_value":null,"level":"critical","values":[],"is_member_of_frames":[],"is_mutually_exclusive_with":[],"gridable":false},{"__meta":{"schema_version":3,"schema_name":"ModelParameterSchemaV3","schema_type":"Iced"},"name":"validation_frame","label":"validation_frame","help":"Id of the validation data frame.","required":false,"type":"Key<Frame>","default_value":null,"actual_value":null,"input_value":null,"level":"critical","values":[],"is_member_of_frames":[],"is_mutually_exclusive_with":[],"gridable":true},{"__meta":{"schema_version":3,"schema_name":"ModelParameterSchemaV3","schema_type":"Iced"},"name":"nfolds","label":"nfolds","help":"Number of folds for K-fold cross-validation (0 to disable or >= 2).","required":false,"type":"int","default_value":0,"actual_value":5,"input_value":5,"level":"critical","values":[],"is_member_of_frames":[],"is_mutually_exclusive_with":[],"gridable":false},{"__meta":{"schema_version":3,"schema_name":"ModelParameterSchemaV3","schema_type":"Iced"},"name":"keep_cross_validation_models","label":"keep_cross_validation_models","help":"Whether to keep the cross-validation models.","required":false,"type":"boolean","default_value":true,"actual_value":true,"input_value":true,"level":"expert","values":[],"is_member_of_frames":[],"is_mutually_exclusive_with":[],"gridable":false},{"__meta":{"schema_version":3,"schema_name":"ModelParameterSchemaV3","schema_type":"Iced"},"name":"keep_cross_validation_predictions","label":"keep_cross_validation_predictions","help":"Whether to keep the predictions of the cross-validation models.","required":false,"type":"boolean","default_value":false,"actual_value":true,"input_value":true,"level":"expert","values":[],"is_member_of_frames":[],"is_mutually_exclusive_with":[],"gridable":false},{"__meta":{"schema_version":3,"schema_name":"ModelParameterSchemaV3","schema_type":"Iced"},"name":"keep_cross_validation_fold_assignment","label":"keep_cross_validation_fold_assignment","help":"Whether to keep the cross-validation fold assignment.","required":false,"type":"boolean","default_value":false,"actual_value":false,"input_value":false,"level":"expert","values":[],"is_member_of_frames":[],"is_mutually_exclusive_with":[],"gridable":false},{"__meta":{"schema_version":3,"schema_name":"ModelParameterSchemaV3","schema_type":"Iced"},"name":"score_each_iteration","label":"score_each_iteration","help":"Whether to score during each iteration of model training.","required":false,"type":"boolean","default_value":false,"actual_value":false,"input_value":false,"level":"secondary","values":[],"is_member_of_frames":[],"is_mutually_exclusive_with":[],"gridable":false},{"__meta":{"schema_version":3,"schema_name":"ModelParameterSchemaV3","schema_type":"Iced"},"name":"score_tree_interval","label":"score_tree_interval","help":"Score the model after every so many trees. Disabled if set to 0.","required":false,"type":"int","default_value":0,"actual_value":0,"input_value":0,"level":"secondary","values":[],"is_member_of_frames":[],"is_mutually_exclusive_with":[],"gridable":false},{"__meta":{"schema_version":3,"schema_name":"ModelParameterSchemaV3","schema_type":"Iced"},"name":"fold_assignment","label":"fold_assignment","help":"Cross-validation fold assignment scheme, if fold_column is not specified. The 'Stratified' option will stratify the folds based on the response variable, for classification problems.","required":false,"type":"enum","default_value":"AUTO","actual_value":"Random","input_value":"AUTO","level":"secondary","values":["AUTO","Random","Modulo","Stratified"],"is_member_of_frames":[],"is_mutually_exclusive_with":[],"gridable":true},{"__meta":{"schema_version":3,"schema_name":"ModelParameterSchemaV3","schema_type":"Iced"},"name":"fold_column","label":"fold_column","help":"Column with cross-validation fold index assignment per observation.","required":false,"type":"VecSpecifier","default_value":null,"actual_value":null,"input_value":null,"level":"secondary","values":[],"is_member_of_frames":["training_frame"],"is_mutually_exclusive_with":["response_column","weights_column","ignored_columns","offset_column"],"gridable":true},{"__meta":{"schema_version":3,"schema_name":"ModelParameterSchemaV3","schema_type":"Iced"},"name":"response_column","label":"response_column","help":"Response variable column.","required":false,"type":"VecSpecifier","default_value":null,"actual_value":{"__meta":{"schema_version":3,"schema_name":"ColSpecifierV3","schema_type":"VecSpecifier"},"column_name":"porosity","is_member_of_frames":null},"input_value":{"__meta":{"schema_version":3,"schema_name":"ColSpecifierV3","schema_type":"VecSpecifier"},"column_name":"porosity","is_member_of_frames":null},"level":"critical","values":[],"is_member_of_frames":["training_frame","validation_frame"],"is_mutually_exclusive_with":["weights_column","ignored_columns","offset_column","fold_column"],"gridable":true},{"__meta":{"schema_version":3,"schema_name":"ModelParameterSchemaV3","schema_type":"Iced"},"name":"ignored_columns","label":"ignored_columns","help":"Names of columns to ignore for training.","required":false,"type":"string[]","default_value":null,"actual_value":null,"input_value":null,"level":"critical","values":[],"is_member_of_frames":["training_frame","validation_frame"],"is_mutually_exclusive_with":["response_column","weights_column","offset_column","fold_column"],"gridable":false},{"__meta":{"schema_version":3,"schema_name":"ModelParameterSchemaV3","schema_type":"Iced"},"name":"ignore_const_cols","label":"ignore_const_cols","help":"Ignore constant columns.","required":false,"type":"boolean","default_value":true,"actual_value":true,"input_value":true,"level":"critical","values":[],"is_member_of_frames":[],"is_mutually_exclusive_with":[],"gridable":false},{"__meta":{"schema_version":3,"schema_name":"ModelParameterSchemaV3","schema_type":"Iced"},"name":"offset_column","label":"offset_column","help":"Offset column. This will be added to the combination of columns before applying the link function.","required":false,"type":"VecSpecifier","default_value":null,"actual_value":null,"input_value":null,"level":"secondary","values":[],"is_member_of_frames":["training_frame","validation_frame"],"is_mutually_exclusive_with":["response_column","weights_column","ignored_columns","fold_column"],"gridable":true},{"__meta":{"schema_version":3,"schema_name":"ModelParameterSchemaV3","schema_type":"Iced"},"name":"weights_column","label":"weights_column","help":"Column with observation weights. Giving some observation a weight of zero is equivalent to excluding it from the dataset; giving an observation a relative weight of 2 is equivalent to repeating that row twice. Negative weights are not allowed. Note: Weights are per-row observation weights and do not increase the size of the data frame. This is typically the number of times a row is repeated, but non-integer values are supported as well. During training, rows with higher weights matter more, due to the larger loss function pre-factor. If you set weight = 0 for a row, the returned prediction frame at that row is zero and this is incorrect. To get an accurate prediction, remove all rows with weight == 0.","required":false,"type":"VecSpecifier","default_value":null,"actual_value":null,"input_value":null,"level":"secondary","values":[],"is_member_of_frames":["training_frame","validation_frame"],"is_mutually_exclusive_with":["response_column","ignored_columns","offset_column","fold_column"],"gridable":true},{"__meta":{"schema_version":3,"schema_name":"ModelParameterSchemaV3","schema_type":"Iced"},"name":"balance_classes","label":"balance_classes","help":"Balance training data class counts via over/under-sampling (for imbalanced data).","required":false,"type":"boolean","default_value":false,"actual_value":false,"input_value":false,"level":"secondary","values":[],"is_member_of_frames":[],"is_mutually_exclusive_with":[],"gridable":true},{"__meta":{"schema_version":3,"schema_name":"ModelParameterSchemaV3","schema_type":"Iced"},"name":"class_sampling_factors","label":"class_sampling_factors","help":"Desired over/under-sampling ratios per class (in lexicographic order). If not specified, sampling factors will be automatically computed to obtain class balance during training. Requires balance_classes.","required":false,"type":"float[]","default_value":null,"actual_value":null,"input_value":null,"level":"expert","values":[],"is_member_of_frames":[],"is_mutually_exclusive_with":[],"gridable":true},{"__meta":{"schema_version":3,"schema_name":"ModelParameterSchemaV3","schema_type":"Iced"},"name":"max_after_balance_size","label":"max_after_balance_size","help":"Maximum relative size of the training data after balancing class counts (can be less than 1.0). Requires balance_classes.","required":false,"type":"float","default_value":5.0,"actual_value":5.0,"input_value":5.0,"level":"expert","values":[],"is_member_of_frames":[],"is_mutually_exclusive_with":[],"gridable":true},{"__meta":{"schema_version":3,"schema_name":"ModelParameterSchemaV3","schema_type":"Iced"},"name":"max_confusion_matrix_size","label":"max_confusion_matrix_size","help":"[Deprecated] Maximum size (# classes) for confusion matrices to be printed in the Logs","required":false,"type":"int","default_value":20,"actual_value":20,"input_value":20,"level":"secondary","values":[],"is_member_of_frames":[],"is_mutually_exclusive_with":[],"gridable":false},{"__meta":{"schema_version":3,"schema_name":"ModelParameterSchemaV3","schema_type":"Iced"},"name":"ntrees","label":"ntrees","help":"Number of trees.","required":false,"type":"int","default_value":50,"actual_value":40,"input_value":120,"level":"critical","values":[],"is_member_of_frames":[],"is_mutually_exclusive_with":[],"gridable":true},{"__meta":{"schema_version":3,"schema_name":"ModelParameterSchemaV3","schema_type":"Iced"},"name":"max_depth","label":"max_depth","help":"Maximum tree depth (0 for unlimited).","required":false,"type":"int","default_value":20,"actual_value":30,"input_value":30,"level":"critical","values":[],"is_member_of_frames":[],"is_mutually_exclusive_with":[],"gridable":true},{"__meta":{"schema_version":3,"schema_name":"ModelParameterSchemaV3","schema_type":"Iced"},"name":"min_rows","label":"min_rows","help":"Fewest allowed (weighted) observations in a leaf.","required":false,"type":"double","default_value":1.0,"actual_value":10.0,"input_value":10.0,"level":"critical","values":[],"is_member_of_frames":[],"is_mutually_exclusive_with":[],"gridable":true},{"__meta":{"schema_version":3,"schema_name":"ModelParameterSchemaV3","schema_type":"Iced"},"name":"nbins","label":"nbins","help":"For numerical columns (real/int), build a histogram of (at least) this many bins, then split at the best point","required":false,"type":"int","default_value":20,"actual_value":32,"input_value":32,"level":"critical","values":[],"is_member_of_frames":[],"is_mutually_exclusive_with":[],"gridable":true},{"__meta":{"schema_version":3,"schema_name":"ModelParameterSchemaV3","schema_type":"Iced"},"name":"nbins_top_level","label":"nbins_top_level","help":"For numerical columns (real/int), build a histogram of (at most) this many bins at the root level, then decrease by factor of two per level","required":false,"type":"int","default_value":1024,"actual_value":1024,"input_value":1024,"level":"secondary","values":[],"is_member_of_frames":[],"is_mutually_exclusive_with":[],"gridable":true},{"__meta":{"schema_version":3,"schema_name":"ModelParameterSchemaV3","schema_type":"Iced"},"name":"nbins_cats","label":"nbins_cats","help":"For categorical columns (factors), build a histogram of this many bins, then split at the best point. Higher values can lead to more overfitting.","required":false,"type":"int","default_value":1024,"actual_value":100,"input_value":100,"level":"secondary","values":[],"is_member_of_frames":[],"is_mutually_exclusive_with":[],"gridable":true},{"__meta":{"schema_version":3,"schema_name":"ModelParameterSchemaV3","schema_type":"Iced"},"name":"r2_stopping","label":"r2_stopping","help":"r2_stopping is no longer supported and will be ignored if set - please use stopping_rounds, stopping_metric and stopping_tolerance instead. Previous version of H2O would stop making trees when the R^2 metric equals or exceeds this","required":false,"type":"double","default_value":1.7976931348623157E308,"actual_value":1.7976931348623157E308,"input_value":1.7976931348623157E308,"level":"secondary","values":[],"is_member_of_frames":[],"is_mutually_exclusive_with":[],"gridable":true},{"__meta":{"schema_version":3,"schema_name":"ModelParameterSchemaV3","schema_type":"Iced"},"name":"stopping_rounds","label":"stopping_rounds","help":"Early stopping based on convergence of stopping_metric. Stop if simple moving average of length k of the stopping_metric does not improve for k:=stopping_rounds scoring events (0 to disable)","required":false,"type":"int","default_value":0,"actual_value":0,"input_value":10,"level":"secondary","values":[],"is_member_of_frames":[],"is_mutually_exclusive_with":[],"gridable":true},{"__meta":{"schema_version":3,"schema_name":"ModelParameterSchemaV3","schema_type":"Iced"},"name":"stopping_metric","label":"stopping_metric","help":"Metric to use for early stopping (AUTO: logloss for classification, deviance for regression and anomaly_score for Isolation Forest). Note that custom and custom_increasing can only be used in GBM and DRF with the Python client.","required":false,"type":"enum","default_value":"AUTO","actual_value":null,"input_value":"AUTO","level":"secondary","values":["AUTO","deviance","logloss","MSE","RMSE","MAE","RMSLE","AUC","AUCPR","lift_top_group","misclassification","mean_per_class_error","anomaly_score","custom","custom_increasing"],"is_member_of_frames":[],"is_mutually_exclusive_with":[],"gridable":true},{"__meta":{"schema_version":3,"schema_name":"ModelParameterSchemaV3","schema_type":"Iced"},"name":"stopping_tolerance","label":"stopping_tolerance","help":"Relative tolerance for metric-based stopping criterion (stop if relative improvement is not at least this much)","required":false,"type":"double","default_value":0.001,"actual_value":0.001,"input_value":0.001,"level":"secondary","values":[],"is_member_of_frames":[],"is_mutually_exclusive_with":[],"gridable":true},{"__meta":{"schema_version":3,"schema_name":"ModelParameterSchemaV3","schema_type":"Iced"},"name":"max_runtime_secs","label":"max_runtime_secs","help":"Maximum allowed runtime in seconds for model training. Use 0 to disable.","required":false,"type":"double","default_value":0.0,"actual_value":0.0,"input_value":0.0,"level":"secondary","values":[],"is_member_of_frames":[],"is_mutually_exclusive_with":[],"gridable":true},{"__meta":{"schema_version":3,"schema_name":"ModelParameterSchemaV3","schema_type":"Iced"},"name":"seed","label":"seed","help":"Seed for pseudo random number generator (if applicable)","required":false,"type":"long","default_value":-1,"actual_value":32,"input_value":32,"level":"critical","values":[],"is_member_of_frames":[],"is_mutually_exclusive_with":[],"gridable":true},{"__meta":{"schema_version":3,"schema_name":"ModelParameterSchemaV3","schema_type":"Iced"},"name":"build_tree_one_node","label":"build_tree_one_node","help":"Run on one node only; no network overhead but fewer cpus used. Suitable for small datasets.","required":false,"type":"boolean","default_value":false,"actual_value":false,"input_value":false,"level":"expert","values":[],"is_member_of_frames":[],"is_mutually_exclusive_with":[],"gridable":false},{"__meta":{"schema_version":3,"schema_name":"ModelParameterSchemaV3","schema_type":"Iced"},"name":"mtries","label":"mtries","help":"Number of variables randomly sampled as candidates at each split. If set to -1, defaults to sqrt{p} for classification and p/3 for regression (where p is the # of predictors","required":false,"type":"int","default_value":-1,"actual_value":-1,"input_value":-1,"level":"critical","values":[],"is_member_of_frames":[],"is_mutually_exclusive_with":[],"gridable":true},{"__meta":{"schema_version":3,"schema_name":"ModelParameterSchemaV3","schema_type":"Iced"},"name":"sample_rate","label":"sample_rate","help":"Row sample rate per tree (from 0.0 to 1.0)","required":false,"type":"double","default_value":0.632,"actual_value":1.0,"input_value":1.0,"level":"critical","values":[],"is_member_of_frames":[],"is_mutually_exclusive_with":[],"gridable":true},{"__meta":{"schema_version":3,"schema_name":"ModelParameterSchemaV3","schema_type":"Iced"},"name":"sample_rate_per_class","label":"sample_rate_per_class","help":"A list of row sample rates per class (relative fraction for each class, from 0.0 to 1.0), for each tree","required":false,"type":"double[]","default_value":null,"actual_value":null,"input_value":null,"level":"expert","values":[],"is_member_of_frames":[],"is_mutually_exclusive_with":[],"gridable":true},{"__meta":{"schema_version":3,"schema_name":"ModelParameterSchemaV3","schema_type":"Iced"},"name":"binomial_double_trees","label":"binomial_double_trees","help":"For binary classification: Build 2x as many trees (one per class) - can lead to higher accuracy.","required":false,"type":"boolean","default_value":false,"actual_value":false,"input_value":false,"level":"expert","values":[],"is_member_of_frames":[],"is_mutually_exclusive_with":[],"gridable":false},{"__meta":{"schema_version":3,"schema_name":"ModelParameterSchemaV3","schema_type":"Iced"},"name":"checkpoint","label":"checkpoint","help":"Model checkpoint to resume training with.","required":false,"type":"Key<Model>","default_value":null,"actual_value":null,"input_value":null,"level":"secondary","values":[],"is_member_of_frames":[],"is_mutually_exclusive_with":[],"gridable":false},{"__meta":{"schema_version":3,"schema_name":"ModelParameterSchemaV3","schema_type":"Iced"},"name":"col_sample_rate_change_per_level","label":"col_sample_rate_change_per_level","help":"Relative change of the column sampling rate for every level (must be > 0.0 and <= 2.0)","required":false,"type":"double","default_value":1.0,"actual_value":1.0,"input_value":1.0,"level":"expert","values":[],"is_member_of_frames":[],"is_mutually_exclusive_with":[],"gridable":true},{"__meta":{"schema_version":3,"schema_name":"ModelParameterSchemaV3","schema_type":"Iced"},"name":"col_sample_rate_per_tree","label":"col_sample_rate_per_tree","help":"Column sample rate per tree (from 0.0 to 1.0)","required":false,"type":"double","default_value":1.0,"actual_value":1.0,"input_value":1.0,"level":"secondary","values":[],"is_member_of_frames":[],"is_mutually_exclusive_with":[],"gridable":true},{"__meta":{"schema_version":3,"schema_name":"ModelParameterSchemaV3","schema_type":"Iced"},"name":"min_split_improvement","label":"min_split_improvement","help":"Minimum relative improvement in squared error reduction for a split to happen","required":false,"type":"double","default_value":1.0E-5,"actual_value":1.0E-5,"input_value":1.0E-5,"level":"secondary","values":[],"is_member_of_frames":[],"is_mutually_exclusive_with":[],"gridable":true},{"__meta":{"schema_version":3,"schema_name":"ModelParameterSchemaV3","schema_type":"Iced"},"name":"histogram_type","label":"histogram_type","help":"What type of histogram to use for finding optimal split points","required":false,"type":"enum","default_value":"AUTO","actual_value":"UniformAdaptive","input_value":"AUTO","level":"secondary","values":["AUTO","UniformAdaptive","Random","QuantilesGlobal","RoundRobin","UniformRobust"],"is_member_of_frames":[],"is_mutually_exclusive_with":[],"gridable":true},{"__meta":{"schema_version":3,"schema_name":"ModelParameterSchemaV3","schema_type":"Iced"},"name":"categorical_encoding","label":"categorical_encoding","help":"Encoding scheme for categorical features","required":false,"type":"enum","default_value":"AUTO","actual_value":"Enum","input_value":"AUTO","level":"secondary","values":["AUTO","Enum","OneHotInternal","OneHotExplicit","Binary","Eigen","LabelEncoder","SortByResponse","EnumLimited"],"is_member_of_frames":[],"is_mutually_exclusive_with":[],"gridable":true},{"__meta":{"schema_version":3,"schema_name":"ModelParameterSchemaV3","schema_type":"Iced"},"name":"calibrate_model","label":"calibrate_model","help":"Use Platt Scaling (default) or Isotonic Regression to calculate calibrated class probabilities. Calibration can provide more accurate estimates of class probabilities.","required":false,"type":"boolean","default_value":false,"actual_value":false,"input_value":false,"level":"expert","values":[],"is_member_of_frames":[],"is_mutually_exclusive_with":[],"gridable":false},{"__meta":{"schema_version":3,"schema_name":"ModelParameterSchemaV3","schema_type":"Iced"},"name":"calibration_frame","label":"calibration_frame","help":"Data for model calibration","required":false,"type":"Key<Frame>","default_value":null,"actual_value":null,"input_value":null,"level":"expert","values":[],"is_member_of_frames":[],"is_mutually_exclusive_with":[],"gridable":false},{"__meta":{"schema_version":3,"schema_name":"ModelParameterSchemaV3","schema_type":"Iced"},"name":"calibration_method","label":"calibration_method","help":"Calibration method to use","required":false,"type":"enum","default_value":"AUTO","actual_value":"PlattScaling","input_value":"AUTO","level":"expert","values":["AUTO","PlattScaling","IsotonicRegression"],"is_member_of_frames":[],"is_mutually_exclusive_with":[],"gridable":false},{"__meta":{"schema_version":3,"schema_name":"ModelParameterSchemaV3","schema_type":"Iced"},"name":"distribution","label":"distribution","help":"Distribution function","required":false,"type":"enum","default_value":"AUTO","actual_value":"gaussian","input_value":"AUTO","level":"secondary","values":["AUTO","bernoulli","quasibinomial","ordinal","multinomial","gaussian","poisson","gamma","tweedie","laplace","quantile","huber","custom"],"is_member_of_frames":[],"is_mutually_exclusive_with":[],"gridable":true},{"__meta":{"schema_version":3,"schema_name":"ModelParameterSchemaV3","schema_type":"Iced"},"name":"custom_metric_func","label":"custom_metric_func","help":"Reference to custom evaluation function, format: `language:keyName=funcName`","required":false,"type":"string","default_value":null,"actual_value":null,"input_value":null,"level":"secondary","values":[],"is_member_of_frames":[],"is_mutually_exclusive_with":[],"gridable":false},{"__meta":{"schema_version":3,"schema_name":"ModelParameterSchemaV3","schema_type":"Iced"},"name":"export_checkpoints_dir","label":"export_checkpoints_dir","help":"Automatically export generated models to this directory.","required":false,"type":"string","default_value":null,"actual_value":null,"input_value":null,"level":"secondary","values":[],"is_member_of_frames":[],"is_mutually_exclusive_with":[],"gridable":false},{"__meta":{"schema_version":3,"schema_name":"ModelParameterSchemaV3","schema_type":"Iced"},"name":"check_constant_response","label":"check_constant_response","help":"Check if response column is constant. If enabled, then an exception is thrown if the response column is a constant value.If disabled, then model will train regardless of the response column being a constant value or not.","required":false,"type":"boolean","default_value":true,"actual_value":true,"input_value":true,"level":"expert","values":[],"is_member_of_frames":[],"is_mutually_exclusive_with":[],"gridable":false},{"__meta":{"schema_version":3,"schema_name":"ModelParameterSchemaV3","schema_type":"Iced"},"name":"gainslift_bins","label":"gainslift_bins","help":"Gains/Lift table number of bins. 0 means disabled.. Default value -1 means automatic binning.","required":false,"type":"int","default_value":-1,"actual_value":-1,"input_value":-1,"level":"secondary","values":[],"is_member_of_frames":[],"is_mutually_exclusive_with":[],"gridable":false},{"__meta":{"schema_version":3,"schema_name":"ModelParameterSchemaV3","schema_type":"Iced"},"name":"auc_type","label":"auc_type","help":"Set default multinomial AUC type.","required":false,"type":"enum","default_value":"AUTO","actual_value":"AUTO","input_value":"AUTO","level":"secondary","values":["AUTO","NONE","MACRO_OVR","WEIGHTED_OVR","MACRO_OVO","WEIGHTED_OVO"],"is_member_of_frames":[],"is_mutually_exclusive_with":[],"gridable":true}],"output":{"__meta":{"schema_version":3,"schema_name":"DRFModelOutputV3","schema_type":"DRFOutput"},"names":["name_part1","name_part2","name_fluid1","material_group","temp_cold","cooling_rate","time_sub","time_sinter_1","temp_sinter_1","vf_total","porosity"],"original_names":null,"column_types":["Enum","Enum","Enum","Enum","Enum","Numeric","Numeric","Numeric","Numeric","Numeric","Numeric"],"domains":[["Ag","Al2O3","AlN","BT","BaTiO3","Bentonite","Bioglass","Ca3ZrSi2O9","CaP","CaSiO3","Cordierite","Cr2O3","CuO","Fe2O3","HAP","LSCF","LSM","Merwinite","Mullite","Ni","NiO","NiTiNbO","PCS","PLLA","PU","PVA","PZT","Si","Si3N4","Si4Al2O2N6","SiC","SiO2","TCP","Ti","Ti6Al4V","TiH2","TiO2","WO3","Y2O3","Y2SiO5","YSZ","Yb2SiO5","ZTA","Zeo","ZrB2","ZrO2","chitin","chitosan","collagen","fireclay","gelatin","glass","kaolinite","polysiloxane","stainless steel","theophylline"],["(Ca10(PO4)6(OH)2)","Al2O3","AlN","BAS","BT","BaTiO3","CuO","GCO","HAP","MgO","Mullite","PCS","PLLA","PMMA","SiC","SiO2","TCP","TiO2","W","Y2O3","YSZ","ZrO2","alginate","chitosan","collagen","kaolinite","nan","starch"],["DMSO","Glycerine Ether","TBA","acetic acid","benzoic acid","camphene","cyclohexane","dioxane","naphthalene","water"],["Ceramic","Ceramic/Polymer","Metal","Metal/Ceramic","Pharmaceutical","Polymer"],["123.0","173.0","193.0","195.0","203.0","208.0","213.0","218.0","223.0","228.0","233.0","235.5","238.0","238.15","243.0","248.0","249.0","253.0","255.0","255.5","256.0","257.0","258.0","261.0","263.0","268.0","270.0","271.0","273.0","276.0","277.0","278.0","288.0","291.0","293.0","296.0","298.0","303.0","306.0","308.0","313.0","315.0","315.5","318.5","75.0","77.0","83.0","nan"],null,null,null,null,null,null],"cross_validation_models":[{"__meta":{"schema_version":3,"schema_name":"ModelKeyV3","schema_type":"Key<Model>"},"name":"Grid_DRF_Train_model_python_1701175593760_1_model_1_cv_1","type":"Key<Model>","URL":"/3/Models/Grid_DRF_Train_model_python_1701175593760_1_model_1_cv_1"},{"__meta":{"schema_version":3,"schema_name":"ModelKeyV3","schema_type":"Key<Model>"},"name":"Grid_DRF_Train_model_python_1701175593760_1_model_1_cv_2","type":"Key<Model>","URL":"/3/Models/Grid_DRF_Train_model_python_1701175593760_1_model_1_cv_2"},{"__meta":{"schema_version":3,"schema_name":"ModelKeyV3","schema_type":"Key<Model>"},"name":"Grid_DRF_Train_model_python_1701175593760_1_model_1_cv_3","type":"Key<Model>","URL":"/3/Models/Grid_DRF_Train_model_python_1701175593760_1_model_1_cv_3"},{"__meta":{"schema_version":3,"schema_name":"ModelKeyV3","schema_type":"Key<Model>"},"name":"Grid_DRF_Train_model_python_1701175593760_1_model_1_cv_4","type":"Key<Model>","URL":"/3/Models/Grid_DRF_Train_model_python_1701175593760_1_model_1_cv_4"},{"__meta":{"schema_version":3,"schema_name":"ModelKeyV3","schema_type":"Key<Model>"},"name":"Grid_DRF_Train_model_python_1701175593760_1_model_1_cv_5","type":"Key<Model>","URL":"/3/Models/Grid_DRF_Train_model_python_1701175593760_1_model_1_cv_5"}],"cross_validation_predictions":[{"__meta":{"schema_version":3,"schema_name":"FrameKeyV3","schema_type":"Key<Frame>"},"name":"prediction_Grid_DRF_Train_model_python_1701175593760_1_model_1_cv_1","type":"Key<Frame>","URL":"/3/Frames/prediction_Grid_DRF_Train_model_python_1701175593760_1_model_1_cv_1"},{"__meta":{"schema_version":3,"schema_name":"FrameKeyV3","schema_type":"Key<Frame>"},"name":"prediction_Grid_DRF_Train_model_python_1701175593760_1_model_1_cv_2","type":"Key<Frame>","URL":"/3/Frames/prediction_Grid_DRF_Train_model_python_1701175593760_1_model_1_cv_2"},{"__meta":{"schema_version":3,"schema_name":"FrameKeyV3","schema_type":"Key<Frame>"},"name":"prediction_Grid_DRF_Train_model_python_1701175593760_1_model_1_cv_3","type":"Key<Frame>","URL":"/3/Frames/prediction_Grid_DRF_Train_model_python_1701175593760_1_model_1_cv_3"},{"__meta":{"schema_version":3,"schema_name":"FrameKeyV3","schema_type":"Key<Frame>"},"name":"prediction_Grid_DRF_Train_model_python_1701175593760_1_model_1_cv_4","type":"Key<Frame>","URL":"/3/Frames/prediction_Grid_DRF_Train_model_python_1701175593760_1_model_1_cv_4"},{"__meta":{"schema_version":3,"schema_name":"FrameKeyV3","schema_type":"Key<Frame>"},"name":"prediction_Grid_DRF_Train_model_python_1701175593760_1_model_1_cv_5","type":"Key<Frame>","URL":"/3/Frames/prediction_Grid_DRF_Train_model_python_1701175593760_1_model_1_cv_5"}],"cross_validation_holdout_predictions_frame_id":{"__meta":{"schema_version":3,"schema_name":"FrameKeyV3","schema_type":"Key<Frame>"},"name":"cv_holdout_prediction_Grid_DRF_Train_model_python_1701175593760_1_model_1","type":"Key<Frame>","URL":"/3/Frames/cv_holdout_prediction_Grid_DRF_Train_model_python_1701175593760_1_model_1"},"cross_validation_fold_assignment_frame_id":null,"model_category":"Regression","model_summary":{"__meta":{"schema_version":3,"schema_name":"TwoDimTableV3","schema_type":"TwoDimTable"},"name":"Model Summary","description":"","columns":[{"__meta":{"schema_version":-1,"schema_name":"ColumnSpecsBase","schema_type":"Iced"},"name":"","type":"string","format":"%s","description":""},{"__meta":{"schema_version":-1,"schema_name":"ColumnSpecsBase","schema_type":"Iced"},"name":"number_of_trees","type":"long","format":"%d","description":"Number of Trees"},{"__meta":{"schema_version":-1,"schema_name":"ColumnSpecsBase","schema_type":"Iced"},"name":"number_of_internal_trees","type":"long","format":"%d","description":"Number of Internal Trees"},{"__meta":{"schema_version":-1,"schema_name":"ColumnSpecsBase","schema_type":"Iced"},"name":"model_size_in_bytes","type":"long","format":"%d","description":"Model Size in Bytes"},{"__meta":{"schema_version":-1,"schema_name":"ColumnSpecsBase","schema_type":"Iced"},"name":"min_depth","type":"long","format":"%d","description":"Min. Depth"},{"__meta":{"schema_version":-1,"schema_name":"ColumnSpecsBase","schema_type":"Iced"},"name":"max_depth","type":"long","format":"%d","description":"Max. Depth"},{"__meta":{"schema_version":-1,"schema_name":"ColumnSpecsBase","schema_type":"Iced"},"name":"mean_depth","type":"double","format":"%.5f","description":"Mean Depth"},{"__meta":{"schema_version":-1,"schema_name":"ColumnSpecsBase","schema_type":"Iced"},"name":"min_leaves","type":"long","format":"%d","description":"Min. Leaves"},{"__meta":{"schema_version":-1,"schema_name":"ColumnSpecsBase","schema_type":"Iced"},"name":"max_leaves","type":"long","format":"%d","description":"Max. Leaves"},{"__meta":{"schema_version":-1,"schema_name":"ColumnSpecsBase","schema_type":"Iced"},"name":"mean_leaves","type":"double","format":"%.5f","description":"Mean Leaves"}],"rowcount":1,"data":[[""],[40],[40],[56649],[12],[21],[16.15],[80],[98],[89.15]]},"scoring_history":{"__meta":{"schema_version":3,"schema_name":"TwoDimTableV3","schema_type":"TwoDimTable"},"name":"Scoring History","description":"","columns":[{"__meta":{"schema_version":-1,"schema_name":"ColumnSpecsBase","schema_type":"Iced"},"name":"","type":"string","format":"%s","description":""},{"__meta":{"schema_version":-1,"schema_name":"ColumnSpecsBase","schema_type":"Iced"},"name":"timestamp","type":"string","format":"%s","description":"Timestamp"},{"__meta":{"schema_version":-1,"schema_name":"ColumnSpecsBase","schema_type":"Iced"},"name":"duration","type":"string","format":"%s","description":"Duration"},{"__meta":{"schema_version":-1,"schema_name":"ColumnSpecsBase","schema_type":"Iced"},"name":"number_of_trees","type":"long","format":"%d","description":"Number of Trees"},{"__meta":{"schema_version":-1,"schema_name":"ColumnSpecsBase","schema_type":"Iced"},"name":"training_rmse","type":"double","format":"%.5f","description":"Training RMSE"},{"__meta":{"schema_version":-1,"schema_name":"ColumnSpecsBase","schema_type":"Iced"},"name":"training_mae","type":"double","format":"%.5f","description":"Training MAE"},{"__meta":{"schema_version":-1,"schema_name":"ColumnSpecsBase","schema_type":"Iced"},"name":"training_deviance","type":"double","format":"%.5f","description":"Training Deviance"},{"__meta":{"schema_version":-1,"schema_name":"ColumnSpecsBase","schema_type":"Iced"},"name":"validation_rmse","type":"double","format":"%.5f","description":"Validation RMSE"},{"__meta":{"schema_version":-1,"schema_name":"ColumnSpecsBase","schema_type":"Iced"},"name":"validation_mae","type":"double","format":"%.5f","description":"Validation MAE"},{"__meta":{"schema_version":-1,"schema_name":"ColumnSpecsBase","schema_type":"Iced"},"name":"validation_deviance","type":"double","format":"%.5f","description":"Validation Deviance"}],"rowcount":41,"data":[["","","","","","","","","","","","","","","","","","","","","","","","","","","","","","","","","","","","","","","","",""],["2023-11-28 09:46:38","2023-11-28 09:46:38","2023-11-28 09:46:38","2023-11-28 09:46:38","2023-11-28 09:46:38","2023-11-28 09:46:38","2023-11-28 09:46:38","2023-11-28 09:46:38","2023-11-28 09:46:38","2023-11-28 09:46:38","2023-11-28 09:46:38","2023-11-28 09:46:38","2023-11-28 09:46:38","2023-11-28 09:46:38","2023-11-28 09:46:38","2023-11-28 09:46:38","2023-11-28 09:46:38","2023-11-28 09:46:38","2023-11-28 09:46:38","2023-11-28 09:46:38","2023-11-28 09:46:38","2023-11-28 09:46:38","2023-11-28 09:46:38","2023-11-28 09:46:38","2023-11-28 09:46:38","2023-11-28 09:46:38","2023-11-28 09:46:38","2023-11-28 09:46:38","2023-11-28 09:46:39","2023-11-28 09:46:39","2023-11-28 09:46:39","2023-11-28 09:46:39","2023-11-28 09:46:39","2023-11-28 09:46:39","2023-11-28 09:46:39","2023-11-28 09:46:39","2023-11-28 09:46:39","2023-11-28 09:46:39","2023-11-28 09:46:39","2023-11-28 09:46:39","2023-11-28 09:46:39"],[" 1.512 sec"," 1.526 sec"," 1.536 sec"," 1.545 sec"," 1.555 sec"," 1.564 sec"," 1.574 sec"," 1.582 sec"," 1.590 sec"," 1.596 sec"," 1.601 sec"," 1.607 sec"," 1.614 sec"," 1.620 sec"," 1.626 sec"," 1.632 sec"," 1.638 sec"," 1.646 sec"," 1.652 sec"," 1.661 sec"," 1.681 sec"," 1.687 sec"," 1.694 sec"," 1.701 sec"," 1.708 sec"," 1.715 sec"," 1.722 sec"," 1.729 sec"," 1.735 sec"," 1.742 sec"," 1.749 sec"," 1.755 sec"," 1.763 sec"," 1.769 sec"," 1.776 sec"," 1.782 sec"," 1.790 sec"," 1.797 sec"," 1.804 sec"," 1.811 sec"," 1.818 sec"],[0,1,2,3,4,5,6,7,8,9,10,11,12,13,14,15,16,17,18,19,20,21,22,23,24,25,26,27,28,29,30,31,32,33,34,35,36,37,38,39,40],["NaN","NaN","NaN","NaN","NaN","NaN","NaN","NaN","NaN","NaN","NaN","NaN","NaN","NaN","NaN","NaN","NaN","NaN","NaN","NaN","NaN","NaN","NaN","NaN","NaN","NaN","NaN","NaN","NaN","NaN","NaN","NaN","NaN","NaN","NaN","NaN","NaN","NaN","NaN","NaN","NaN"],["NaN","NaN","NaN","NaN","NaN","NaN","NaN","NaN","NaN","NaN","NaN","NaN","NaN","NaN","NaN","NaN","NaN","NaN","NaN","NaN","NaN","NaN","NaN","NaN","NaN","NaN","NaN","NaN","NaN","NaN","NaN","NaN","NaN","NaN","NaN","NaN","NaN","NaN","NaN","NaN","NaN"],["NaN","NaN","NaN","NaN","NaN","NaN","NaN","NaN","NaN","NaN","NaN","NaN","NaN","NaN","NaN","NaN","NaN","NaN","NaN","NaN","NaN","NaN","NaN","NaN","NaN","NaN","NaN","NaN","NaN","NaN","NaN","NaN","NaN","NaN","NaN","NaN","NaN","NaN","NaN","NaN","NaN"],["NaN",0.128119157058185,0.1188429347342267,0.11758661656447493,0.1149218970559468,0.11217492300037113,0.1113954155013665,0.10963505216193045,0.10924265979630023,0.10823494613370427,0.10824821049546421,0.10730211742963522,0.10709750827308208,0.10798397721961217,0.10741744633196199,0.10703302248331288,0.10667314119425371,0.10646485666902648,0.1066696688768258,0.10641489714228085,0.10622039209502754,0.10608014673957235,0.10578551603877136,0.10607727392655034,0.10629403136607256,0.10614338193509622,0.10577961483812438,0.10561440855149185,0.1054318733751375,0.1055920726837032,0.10601785251717223,0.10577351025104152,0.10586085361947516,0.10531443241787089,0.10522482571134169,0.10520169266074039,0.10497631866797026,0.10472612716416504,0.10485341692043829,0.10496113196148915,0.10516079626216235],["NaN",0.09125819962518,0.08494533126977105,0.08338461917927234,0.08127270610598118,0.07964154153437536,0.07868020450715632,0.07687048088038587,0.07627717966665022,0.07533876533415033,0.07523554580760487,0.07464208842146312,0.07448696230362725,0.07510568629469722,0.07421527323565101,0.07391190941158231,0.07389923287786959,0.07334116962185389,0.07324150321186314,0.07310593976258953,0.07284455635000643,0.07295436519111356,0.07295019453510282,0.0730774485049133,0.0730422519573529,0.07301135118911908,0.07281850179371671,0.07283382942312604,0.07259196218618827,0.0727689197764892,0.07323142156336551,0.07314623082368268,0.07324296001616797,0.0727569986849605,0.0727923668115912,0.07282489894111677,0.07263969158171432,0.0724376837380727,0.07266413425462247,0.07277982812499421,0.07281232490638116],["NaN",0.016414518405299876,0.014123643136243667,0.01382661239508085,0.013207042422937633,0.012583213350139191,0.012408938594722085,0.01201984466254921,0.01193395871937019,0.011714803564565866,0.011717675075470326,0.011513744404883227,0.011469876278302885,0.011660539336165721,0.011538507776479932,0.01145606790191336,0.011379159052249187,0.011334765705556353,0.01137841825829166,0.011324130333802213,0.011282771696821388,0.011252997532289203,0.011190575403589153,0.011252388043688397,0.011298421104051617,0.01126641752861971,0.011189326915301945,0.011154403293681434,0.011115879923391029,0.01114968581364046,0.011239785052352883,0.011188035470827185,0.011206520329043948,0.011091129675498294,0.011072263945982234,0.01106739613868488,0.01102002748107924,0.010967561710804867,0.010994239039891255,0.01101683922263714,0.01105879307049202]]},"cv_scoring_history":[{"__meta":{"schema_version":3,"schema_name":"TwoDimTableV3","schema_type":"TwoDimTable"},"name":"Scoring History","description":"","columns":[{"__meta":{"schema_version":-1,"schema_name":"ColumnSpecsBase","schema_type":"Iced"},"name":"","type":"string","format":"%s","description":""},{"__meta":{"schema_version":-1,"schema_name":"ColumnSpecsBase","schema_type":"Iced"},"name":"timestamp","type":"string","format":"%s","description":"Timestamp"},{"__meta":{"schema_version":-1,"schema_name":"ColumnSpecsBase","schema_type":"Iced"},"name":"duration","type":"string","format":"%s","description":"Duration"},{"__meta":{"schema_version":-1,"schema_name":"ColumnSpecsBase","schema_type":"Iced"},"name":"number_of_trees","type":"long","format":"%d","description":"Number of Trees"},{"__meta":{"schema_version":-1,"schema_name":"ColumnSpecsBase","schema_type":"Iced"},"name":"training_rmse","type":"double","format":"%.5f","description":"Training RMSE"},{"__meta":{"schema_version":-1,"schema_name":"ColumnSpecsBase","schema_type":"Iced"},"name":"training_mae","type":"double","format":"%.5f","description":"Training MAE"},{"__meta":{"schema_version":-1,"schema_name":"ColumnSpecsBase","schema_type":"Iced"},"name":"training_deviance","type":"double","format":"%.5f","description":"Training Deviance"},{"__meta":{"schema_version":-1,"schema_name":"ColumnSpecsBase","schema_type":"Iced"},"name":"validation_rmse","type":"double","format":"%.5f","description":"Validation RMSE"},{"__meta":{"schema_version":-1,"schema_name":"ColumnSpecsBase","schema_type":"Iced"},"name":"validation_mae","type":"double","format":"%.5f","description":"Validation MAE"},{"__meta":{"schema_version":-1,"schema_name":"ColumnSpecsBase","schema_type":"Iced"},"name":"validation_deviance","type":"double","format":"%.5f","description":"Validation Deviance"}],"rowcount":56,"data":[["","","","","","","","","","","","","","","","","","","","","","","","","","","","","","","","","","","","","","","","","","","","","","","","","","","","","","","",""],["2023-11-28 09:46:37","2023-11-28 09:46:37","2023-11-28 09:46:37","2023-11-28 09:46:37","2023-11-28 09:46:37","2023-11-28 09:46:37","2023-11-28 09:46:37","2023-11-28 09:46:37","2023-11-28 09:46:37","2023-11-28 09:46:37","2023-11-28 09:46:37","2023-11-28 09:46:37","2023-11-28 09:46:37","2023-11-28 09:46:37","2023-11-28 09:46:37","2023-11-28 09:46:37","2023-11-28 09:46:38","2023-11-28 09:46:38","2023-11-28 09:46:38","2023-11-28 09:46:38","2023-11-28 09:46:38","2023-11-28 09:46:38","2023-11-28 09:46:38","2023-11-28 09:46:38","2023-11-28 09:46:38","2023-11-28 09:46:38","2023-11-28 09:46:38","2023-11-28 09:46:38","2023-11-28 09:46:38","2023-11-28 09:46:38","2023-11-28 09:46:38","2023-11-28 09:46:38","2023-11-28 09:46:38","2023-11-28 09:46:38","2023-11-28 09:46:38","2023-11-28 09:46:38","2023-11-28 09:46:38","2023-11-28 09:46:38","2023-11-28 09:46:38","2023-11-28 09:46:38","2023-11-28 09:46:38","2023-11-28 09:46:38","2023-11-28 09:46:38","2023-11-28 09:46:38","2023-11-28 09:46:38","2023-11-28 09:46:38","2023-11-28 09:46:38","2023-11-28 09:46:38","2023-11-28 09:46:38","2023-11-28 09:46:38","2023-11-28 09:46:38","2023-11-28 09:46:38","2023-11-28 09:46:38","2023-11-28 09:46:38","2023-11-28 09:46:38","2023-11-28 09:46:38"],[" 0.124 sec"," 0.276 sec"," 0.354 sec"," 0.416 sec"," 0.464 sec"," 0.541 sec"," 0.562 sec"," 0.580 sec"," 0.592 sec"," 0.608 sec"," 0.628 sec"," 0.641 sec"," 0.670 sec"," 0.688 sec"," 0.709 sec"," 0.722 sec"," 0.734 sec"," 0.748 sec"," 0.765 sec"," 0.780 sec"," 0.792 sec"," 0.817 sec"," 0.849 sec"," 0.877 sec"," 0.900 sec"," 0.923 sec"," 0.943 sec"," 1.004 sec"," 1.028 sec"," 1.052 sec"," 1.077 sec"," 1.101 sec"," 1.124 sec"," 1.148 sec"," 1.171 sec"," 1.195 sec"," 1.218 sec"," 1.238 sec"," 1.261 sec"," 1.282 sec"," 1.300 sec"," 1.324 sec"," 1.335 sec"," 1.345 sec"," 1.357 sec"," 1.372 sec"," 1.383 sec"," 1.395 sec"," 1.407 sec"," 1.416 sec"," 1.425 sec"," 1.434 sec"," 1.443 sec"," 1.451 sec"," 1.460 sec"," 1.468 sec"],[0,1,2,3,4,5,6,7,8,9,10,11,12,13,14,15,16,17,18,19,20,21,22,23,24,25,26,27,28,29,30,31,32,33,34,35,36,37,38,39,40,41,42,43,44,45,46,47,48,49,50,51,52,53,54,55],["NaN","NaN","NaN","NaN","NaN","NaN","NaN","NaN","NaN","NaN","NaN","NaN","NaN","NaN","NaN","NaN","NaN","NaN","NaN","NaN","NaN","NaN","NaN","NaN","NaN","NaN","NaN","NaN","NaN","NaN","NaN","NaN","NaN","NaN","NaN","NaN","NaN","NaN","NaN","NaN","NaN","NaN","NaN","NaN","NaN","NaN","NaN","NaN","NaN","NaN","NaN","NaN","NaN","NaN","NaN","NaN"],["NaN","NaN","NaN","NaN","NaN","NaN","NaN","NaN","NaN","NaN","NaN","NaN","NaN","NaN","NaN","NaN","NaN","NaN","NaN","NaN","NaN","NaN","NaN","NaN","NaN","NaN","NaN","NaN","NaN","NaN","NaN","NaN","NaN","NaN","NaN","NaN","NaN","NaN","NaN","NaN","NaN","NaN","NaN","NaN","NaN","NaN","NaN","NaN","NaN","NaN","NaN","NaN","NaN","NaN","NaN","NaN"],["NaN","NaN","NaN","NaN","NaN","NaN","NaN","NaN","NaN","NaN","NaN","NaN","NaN","NaN","NaN","NaN","NaN","NaN","NaN","NaN","NaN","NaN","NaN","NaN","NaN","NaN","NaN","NaN","NaN","NaN","NaN","NaN","NaN","NaN","NaN","NaN","NaN","NaN","NaN","NaN","NaN","NaN","NaN","NaN","NaN","NaN","NaN","NaN","NaN","NaN","NaN","NaN","NaN","NaN","NaN","NaN"],["NaN",0.14865428228624913,0.13252422736802716,0.12815881190980694,0.1266795489674326,0.12498108536828735,0.12560426769721833,0.12554791078332236,0.12563240554871202,0.12522789383138314,0.12531608334901242,0.12471239056060549,0.12491034480814289,0.12511032321047413,0.12471013267926409,0.1244556544918357,0.12452145425799106,0.1241319451549038,0.12383003485550217,0.12400604841304247,0.12387722203260304,0.12396885367301769,0.12391207886358177,0.12346556393540419,0.12383925783331205,0.12398280041553426,0.12383250756467085,0.12361766987232595,0.12350362903557324,0.1234076919025016,0.12360372215823305,0.12353739424891767,0.12344298759544044,0.12332754605477085,0.12322939994336822,0.12292885422852584,0.12290114479948236,0.12288816101483341,0.12280026726141059,0.12254879925917081,0.12238592540740115,0.12239036303765564,0.1224518463370965,0.12248626935991047,0.12257043383540948,0.1226494037198026,0.12264400324553133,0.12280919858470553,0.12266369237497564,0.12267621257872062,0.12270265266133476,0.12270232482184142,0.1226860591847522,0.12256581384291143,0.12272965779340175,0.12268837520671255],["NaN",0.10567325346045575,0.09467385343070757,0.09172451188840433,0.0908363392545005,0.08962701261548668,0.08945664047858133,0.08995089264311452,0.08959984973199286,0.0896400586219606,0.08963230175487068,0.08918158073316927,0.08929857400766877,0.08955256015917161,0.0895722349208146,0.08933104351247106,0.08943391062350849,0.08935358705572924,0.08929123374056457,0.0894230344405034,0.08926682027088376,0.08940857440305386,0.08953429013146268,0.08907709787369825,0.08926209637232249,0.08939780975398377,0.08912770665667202,0.0889669727078041,0.08885887995019523,0.08873652923462472,0.08888683836086318,0.08888064369013432,0.08885226001947234,0.08875834363726522,0.08863914399700284,0.08838528427892964,0.08831699263030862,0.08826603997179629,0.08822960806188042,0.08795251893328886,0.08784931935685669,0.08781193846782018,0.08777096794258206,0.08782756262916634,0.08798196960889232,0.08798505288508428,0.08794436555962486,0.0880994186326566,0.08798019797462281,0.0879729112841522,0.08793330294853555,0.08793759081759063,0.08795044261724183,0.08780526105382393,0.08799778335801998,0.08790547896974442],["NaN",0.02209809564203984,0.01756267083949256,0.016424681070133274,0.016047708126592154,0.015620271699835129,0.01577643206375448,0.01576227790205707,0.015783501323956044,0.015682025393444165,0.015704120745936627,0.015553180359341001,0.01560259424008915,0.015652592973829305,0.015552617192879653,0.015489209934991184,0.015505592570524961,0.015408739807940048,0.015333877532314882,0.015377500043017833,0.015345566138514833,0.01536827668100207,0.015354203288294508,0.015243745477887378,0.015336161780705541,0.015371734798878205,0.015334489929754263,0.015281328304663363,0.01525314638495649,0.01522945842070276,0.015277880131369673,0.015261487777812518,0.015238171186488061,0.015209683615891626,0.0151854850104026,0.015111503201938157,0.01510469139302333,0.01510150011760762,0.015079905639473869,0.015018208199864543,0.014978314737825956,0.014979400964489145,0.014994454671363894,0.015002886181708542,0.015023511250600495,0.015042876232823127,0.015041551532089898,0.01508209925701764,0.015046381427062657,0.01504945313265945,0.015055940970128164,0.015055860516684678,0.015051869118284518,0.015022378722975219,0.015062568902085498,0.01505243741086308]]},{"__meta":{"schema_version":3,"schema_name":"TwoDimTableV3","schema_type":"TwoDimTable"},"name":"Scoring History","description":"","columns":[{"__meta":{"schema_version":-1,"schema_name":"ColumnSpecsBase","schema_type":"Iced"},"name":"","type":"string","format":"%s","description":""},{"__meta":{"schema_version":-1,"schema_name":"ColumnSpecsBase","schema_type":"Iced"},"name":"timestamp","type":"string","format":"%s","description":"Timestamp"},{"__meta":{"schema_version":-1,"schema_name":"ColumnSpecsBase","schema_type":"Iced"},"name":"duration","type":"string","format":"%s","description":"Duration"},{"__meta":{"schema_version":-1,"schema_name":"ColumnSpecsBase","schema_type":"Iced"},"name":"number_of_trees","type":"long","format":"%d","description":"Number of Trees"},{"__meta":{"schema_version":-1,"schema_name":"ColumnSpecsBase","schema_type":"Iced"},"name":"training_rmse","type":"double","format":"%.5f","description":"Training RMSE"},{"__meta":{"schema_version":-1,"schema_name":"ColumnSpecsBase","schema_type":"Iced"},"name":"training_mae","type":"double","format":"%.5f","description":"Training MAE"},{"__meta":{"schema_version":-1,"schema_name":"ColumnSpecsBase","schema_type":"Iced"},"name":"training_deviance","type":"double","format":"%.5f","description":"Training Deviance"},{"__meta":{"schema_version":-1,"schema_name":"ColumnSpecsBase","schema_type":"Iced"},"name":"validation_rmse","type":"double","format":"%.5f","description":"Validation RMSE"},{"__meta":{"schema_version":-1,"schema_name":"ColumnSpecsBase","schema_type":"Iced"},"name":"validation_mae","type":"double","format":"%.5f","description":"Validation MAE"},{"__meta":{"schema_version":-1,"schema_name":"ColumnSpecsBase","schema_type":"Iced"},"name":"validation_deviance","type":"double","format":"%.5f","description":"Validation Deviance"}],"rowcount":45,"data":[["","","","","","","","","","","","","","","","","","","","","","","","","","","","","","","","","","","","","","","","","","","","",""],["2023-11-28 09:46:37","2023-11-28 09:46:37","2023-11-28 09:46:37","2023-11-28 09:46:37","2023-11-28 09:46:37","2023-11-28 09:46:37","2023-11-28 09:46:37","2023-11-28 09:46:37","2023-11-28 09:46:37","2023-11-28 09:46:37","2023-11-28 09:46:37","2023-11-28 09:46:37","2023-11-28 09:46:37","2023-11-28 09:46:37","2023-11-28 09:46:38","2023-11-28 09:46:38","2023-11-28 09:46:38","2023-11-28 09:46:38","2023-11-28 09:46:38","2023-11-28 09:46:38","2023-11-28 09:46:38","2023-11-28 09:46:38","2023-11-28 09:46:38","2023-11-28 09:46:38","2023-11-28 09:46:38","2023-11-28 09:46:38","2023-11-28 09:46:38","2023-11-28 09:46:38","2023-11-28 09:46:38","2023-11-28 09:46:38","2023-11-28 09:46:38","2023-11-28 09:46:38","2023-11-28 09:46:38","2023-11-28 09:46:38","2023-11-28 09:46:38","2023-11-28 09:46:38","2023-11-28 09:46:38","2023-11-28 09:46:38","2023-11-28 09:46:38","2023-11-28 09:46:38","2023-11-28 09:46:38","2023-11-28 09:46:38","2023-11-28 09:46:38","2023-11-28 09:46:38","2023-11-28 09:46:38"],[" 0.125 sec"," 0.276 sec"," 0.359 sec"," 0.412 sec"," 0.464 sec"," 0.528 sec"," 0.549 sec"," 0.574 sec"," 0.612 sec"," 0.635 sec"," 0.667 sec"," 0.688 sec"," 0.710 sec"," 0.726 sec"," 0.737 sec"," 0.751 sec"," 0.766 sec"," 0.783 sec"," 0.797 sec"," 0.822 sec"," 0.849 sec"," 0.881 sec"," 0.909 sec"," 0.934 sec"," 1.003 sec"," 1.028 sec"," 1.051 sec"," 1.074 sec"," 1.094 sec"," 1.111 sec"," 1.129 sec"," 1.149 sec"," 1.173 sec"," 1.198 sec"," 1.222 sec"," 1.245 sec"," 1.266 sec"," 1.290 sec"," 1.320 sec"," 1.331 sec"," 1.344 sec"," 1.356 sec"," 1.372 sec"," 1.381 sec"," 1.392 sec"],[0,1,2,3,4,5,6,7,8,9,10,11,12,13,14,15,16,17,18,19,20,21,22,23,24,25,26,27,28,29,30,31,32,33,34,35,36,37,38,39,40,41,42,43,44],["NaN","NaN","NaN","NaN","NaN","NaN","NaN","NaN","NaN","NaN","NaN","NaN","NaN","NaN","NaN","NaN","NaN","NaN","NaN","NaN","NaN","NaN","NaN","NaN","NaN","NaN","NaN","NaN","NaN","NaN","NaN","NaN","NaN","NaN","NaN","NaN","NaN","NaN","NaN","NaN","NaN","NaN","NaN","NaN","NaN"],["NaN","NaN","NaN","NaN","NaN","NaN","NaN","NaN","NaN","NaN","NaN","NaN","NaN","NaN","NaN","NaN","NaN","NaN","NaN","NaN","NaN","NaN","NaN","NaN","NaN","NaN","NaN","NaN","NaN","NaN","NaN","NaN","NaN","NaN","NaN","NaN","NaN","NaN","NaN","NaN","NaN","NaN","NaN","NaN","NaN"],["NaN","NaN","NaN","NaN","NaN","NaN","NaN","NaN","NaN","NaN","NaN","NaN","NaN","NaN","NaN","NaN","NaN","NaN","NaN","NaN","NaN","NaN","NaN","NaN","NaN","NaN","NaN","NaN","NaN","NaN","NaN","NaN","NaN","NaN","NaN","NaN","NaN","NaN","NaN","NaN","NaN","NaN","NaN","NaN","NaN"],["NaN",0.12951951890056773,0.11525080532141667,0.1114723578814451,0.10886860447799214,0.10941768028601184,0.11070498672348546,0.11048610271229665,0.11127092968212798,0.11129282335265031,0.11130114825024333,0.11054970750640028,0.11029990791344871,0.11017362701852715,0.11000233519779015,0.10963216455733038,0.10929089933301141,0.1091033320221585,0.1094024598781062,0.10922078735004896,0.1099779668453198,0.11019810258756657,0.11002097838227569,0.10973562267938625,0.10969041084292612,0.10935481927425333,0.10864268787128066,0.10848978241767818,0.10848516626104178,0.10866608766189334,0.1087525027485719,0.10857687151467976,0.10857752781861266,0.1084643055330742,0.10880491663217814,0.10906161249470539,0.10920942691879455,0.1090846596420717,0.10912626622279932,0.10912056018598623,0.10895586278266811,0.10869078536613037,0.1086403091686153,0.10864494937165556,0.1088733404657036],["NaN",0.09321464703982177,0.08330866301014107,0.0799213602501147,0.07821356125657453,0.07826057162997466,0.07936311424699294,0.07927815471409269,0.07911396526484465,0.0787510433968492,0.07863137798421843,0.0780134604478931,0.07806432282429636,0.07799222535677429,0.077596925981922,0.07719969904924531,0.07697288477539915,0.07710304302612499,0.07702387628537603,0.07688883075312528,0.07730682849326509,0.07733933152108993,0.07736813639110357,0.07731869706514362,0.07732536893046539,0.07703683235486146,0.07673894240916143,0.07661947533117527,0.0764799815746507,0.07650775037668318,0.07659034460504235,0.07659793646553671,0.07647992146191929,0.0762973456422546,0.07647562075164814,0.076525411135232,0.07665670728796666,0.07641309912388929,0.07637568993005078,0.0762883540008658,0.07619426219286965,0.07602501219060934,0.07603320270411101,0.0759907457481005,0.07594693328173865],["NaN",0.016775305776234522,0.013282748127235084,0.012426086571648976,0.01185237304098549,0.011972228759171904,0.01225559408544709,0.012207178892552167,0.012381219792325069,0.012386092529804226,0.012387945601822645,0.012221237829750655,0.012166069685715264,0.012138228090417534,0.012100513748966982,0.012019211505525568,0.011944500677018435,0.011903537058337356,0.011968898227380639,0.011929180389364615,0.01209515319143026,0.012143621813899845,0.012104615684193173,0.01204190688483263,0.012031986230889923,0.011958476498504608,0.011803233627896514,0.011770032889035154,0.011769031298685879,0.011808318607742289,0.011827106854078138,0.011788937027915277,0.011789079547201606,0.011764505574772073,0.011838509883335237,0.011894435319945279,0.011926698927931528,0.011899462969226627,0.011908541979729273,0.011907296655303443,0.011871380034715603,0.01181368682350622,0.011802716776252319,0.011803725023969598,0.011853404264161012]]},{"__meta":{"schema_version":3,"schema_name":"TwoDimTableV3","schema_type":"TwoDimTable"},"name":"Scoring History","description":"","columns":[{"__meta":{"schema_version":-1,"schema_name":"ColumnSpecsBase","schema_type":"Iced"},"name":"","type":"string","format":"%s","description":""},{"__meta":{"schema_version":-1,"schema_name":"ColumnSpecsBase","schema_type":"Iced"},"name":"timestamp","type":"string","format":"%s","description":"Timestamp"},{"__meta":{"schema_version":-1,"schema_name":"ColumnSpecsBase","schema_type":"Iced"},"name":"duration","type":"string","format":"%s","description":"Duration"},{"__meta":{"schema_version":-1,"schema_name":"ColumnSpecsBase","schema_type":"Iced"},"name":"number_of_trees","type":"long","format":"%d","description":"Number of Trees"},{"__meta":{"schema_version":-1,"schema_name":"ColumnSpecsBase","schema_type":"Iced"},"name":"training_rmse","type":"double","format":"%.5f","description":"Training RMSE"},{"__meta":{"schema_version":-1,"schema_name":"ColumnSpecsBase","schema_type":"Iced"},"name":"training_mae","type":"double","format":"%.5f","description":"Training MAE"},{"__meta":{"schema_version":-1,"schema_name":"ColumnSpecsBase","schema_type":"Iced"},"name":"training_deviance","type":"double","format":"%.5f","description":"Training Deviance"},{"__meta":{"schema_version":-1,"schema_name":"ColumnSpecsBase","schema_type":"Iced"},"name":"validation_rmse","type":"double","format":"%.5f","description":"Validation RMSE"},{"__meta":{"schema_version":-1,"schema_name":"ColumnSpecsBase","schema_type":"Iced"},"name":"validation_mae","type":"double","format":"%.5f","description":"Validation MAE"},{"__meta":{"schema_version":-1,"schema_name":"ColumnSpecsBase","schema_type":"Iced"},"name":"validation_deviance","type":"double","format":"%.5f","description":"Validation Deviance"}],"rowcount":44,"data":[["","","","","","","","","","","","","","","","","","","","","","","","","","","","","","","","","","","","","","","","","","","",""],["2023-11-28 09:46:37","2023-11-28 09:46:37","2023-11-28 09:46:37","2023-11-28 09:46:37","2023-11-28 09:46:37","2023-11-28 09:46:37","2023-11-28 09:46:37","2023-11-28 09:46:37","2023-11-28 09:46:37","2023-11-28 09:46:37","2023-11-28 09:46:37","2023-11-28 09:46:37","2023-11-28 09:46:37","2023-11-28 09:46:37","2023-11-28 09:46:37","2023-11-28 09:46:37","2023-11-28 09:46:37","2023-11-28 09:46:38","2023-11-28 09:46:38","2023-11-28 09:46:38","2023-11-28 09:46:38","2023-11-28 09:46:38","2023-11-28 09:46:38","2023-11-28 09:46:38","2023-11-28 09:46:38","2023-11-28 09:46:38","2023-11-28 09:46:38","2023-11-28 09:46:38","2023-11-28 09:46:38","2023-11-28 09:46:38","2023-11-28 09:46:38","2023-11-28 09:46:38","2023-11-28 09:46:38","2023-11-28 09:46:38","2023-11-28 09:46:38","2023-11-28 09:46:38","2023-11-28 09:46:38","2023-11-28 09:46:38","2023-11-28 09:46:38","2023-11-28 09:46:38","2023-11-28 09:46:38","2023-11-28 09:46:38","2023-11-28 09:46:38","2023-11-28 09:46:38"],[" 0.123 sec"," 0.285 sec"," 0.354 sec"," 0.406 sec"," 0.462 sec"," 0.492 sec"," 0.538 sec"," 0.567 sec"," 0.588 sec"," 0.606 sec"," 0.624 sec"," 0.637 sec"," 0.667 sec"," 0.684 sec"," 0.697 sec"," 0.713 sec"," 0.728 sec"," 0.746 sec"," 0.764 sec"," 0.782 sec"," 0.794 sec"," 0.820 sec"," 0.847 sec"," 0.871 sec"," 0.891 sec"," 0.913 sec"," 0.937 sec"," 1.003 sec"," 1.029 sec"," 1.050 sec"," 1.077 sec"," 1.100 sec"," 1.123 sec"," 1.149 sec"," 1.172 sec"," 1.197 sec"," 1.220 sec"," 1.243 sec"," 1.267 sec"," 1.291 sec"," 1.319 sec"," 1.331 sec"," 1.343 sec"," 1.356 sec"],[0,1,2,3,4,5,6,7,8,9,10,11,12,13,14,15,16,17,18,19,20,21,22,23,24,25,26,27,28,29,30,31,32,33,34,35,36,37,38,39,40,41,42,43],["NaN","NaN","NaN","NaN","NaN","NaN","NaN","NaN","NaN","NaN","NaN","NaN","NaN","NaN","NaN","NaN","NaN","NaN","NaN","NaN","NaN","NaN","NaN","NaN","NaN","NaN","NaN","NaN","NaN","NaN","NaN","NaN","NaN","NaN","NaN","NaN","NaN","NaN","NaN","NaN","NaN","NaN","NaN","NaN"],["NaN","NaN","NaN","NaN","NaN","NaN","NaN","NaN","NaN","NaN","NaN","NaN","NaN","NaN","NaN","NaN","NaN","NaN","NaN","NaN","NaN","NaN","NaN","NaN","NaN","NaN","NaN","NaN","NaN","NaN","NaN","NaN","NaN","NaN","NaN","NaN","NaN","NaN","NaN","NaN","NaN","NaN","NaN","NaN"],["NaN","NaN","NaN","NaN","NaN","NaN","NaN","NaN","NaN","NaN","NaN","NaN","NaN","NaN","NaN","NaN","NaN","NaN","NaN","NaN","NaN","NaN","NaN","NaN","NaN","NaN","NaN","NaN","NaN","NaN","NaN","NaN","NaN","NaN","NaN","NaN","NaN","NaN","NaN","NaN","NaN","NaN","NaN","NaN"],["NaN",0.14020850864235096,0.12476186232315335,0.12080505495563475,0.12038666868105548,0.11919119462139248,0.11850350618832804,0.1171220081617707,0.11693164388280197,0.11681730345187848,0.1159269403067458,0.11552751819760636,0.11482969535795128,0.11442053836356585,0.11391745686716849,0.11423940633695459,0.11441275131773958,0.1142840067690278,0.11400674202414737,0.1138922992518044,0.11339132362571594,0.11344818842483546,0.11310741908121369,0.11250942522213715,0.11245868541888794,0.11243962728756496,0.11261894728203102,0.11241492598753304,0.11227186029450123,0.11237748027619165,0.11240721805290844,0.11221667006040703,0.1121017599727954,0.11219748722850184,0.11237134003636508,0.11235717259553459,0.11250336188846687,0.11256022499064944,0.11244522264290824,0.11247097728908753,0.11249477023927605,0.11247726278030855,0.112431443106082,0.11254481318058474],["NaN",0.09970678884548323,0.08889968399413348,0.08638519345812405,0.08504638832566565,0.0846368996936693,0.0836862607462572,0.08329839043175198,0.08296337509497066,0.08309094474091161,0.08254649540280348,0.08205078980705773,0.08151386076803707,0.08166455165853083,0.08124624950243078,0.08121942432455892,0.08148126303688577,0.08138333974466509,0.08099180999303149,0.08094262353013398,0.0807036646140782,0.08082879883089794,0.08056101176140014,0.0799155068868569,0.07978720049608436,0.0798286920200677,0.07998778845232493,0.07980385909166406,0.07971507304105228,0.07971880541415069,0.07971007618786737,0.07970414511969666,0.07965504957467515,0.07987317820191862,0.08007972145142468,0.07997706566657566,0.08010423030440603,0.08010504741047879,0.07989908686428308,0.07988064306980212,0.07995269030590764,0.0799855826167532,0.07981015333290205,0.07992914562158696],["NaN",0.019658425895712203,0.015565522290341471,0.014593861302833931,0.014492949996122223,0.01420654087527466,0.014043080978927104,0.013717564795845882,0.01367300934113442,0.013646282385768259,0.013439055488883803,0.013346607460898269,0.013185858935999897,0.013092059599408245,0.012977186979083195,0.013050641960219822,0.01309027766409492,0.01306083420318319,0.01299753722696049,0.012971455828862563,0.012857592273591845,0.01287049145687697,0.012793288251213304,0.01265837076381567,0.012646955926144399,0.012642669784566522,0.012683027286912882,0.012637115584782532,0.012604970613988001,0.012628698073225844,0.012635382670394107,0.01259258103944625,0.012566804588998231,0.012588276140389832,0.012627318061568384,0.01262413423366275,0.01265700643620734,0.012669804249945623,0.012643928095213202,0.012649720732362443,0.012655073331187509,0.012651134642550584,0.012640829398916153,0.01266633497385272]]},{"__meta":{"schema_version":3,"schema_name":"TwoDimTableV3","schema_type":"TwoDimTable"},"name":"Scoring History","description":"","columns":[{"__meta":{"schema_version":-1,"schema_name":"ColumnSpecsBase","schema_type":"Iced"},"name":"","type":"string","format":"%s","description":""},{"__meta":{"schema_version":-1,"schema_name":"ColumnSpecsBase","schema_type":"Iced"},"name":"timestamp","type":"string","format":"%s","description":"Timestamp"},{"__meta":{"schema_version":-1,"schema_name":"ColumnSpecsBase","schema_type":"Iced"},"name":"duration","type":"string","format":"%s","description":"Duration"},{"__meta":{"schema_version":-1,"schema_name":"ColumnSpecsBase","schema_type":"Iced"},"name":"number_of_trees","type":"long","format":"%d","description":"Number of Trees"},{"__meta":{"schema_version":-1,"schema_name":"ColumnSpecsBase","schema_type":"Iced"},"name":"training_rmse","type":"double","format":"%.5f","description":"Training RMSE"},{"__meta":{"schema_version":-1,"schema_name":"ColumnSpecsBase","schema_type":"Iced"},"name":"training_mae","type":"double","format":"%.5f","description":"Training MAE"},{"__meta":{"schema_version":-1,"schema_name":"ColumnSpecsBase","schema_type":"Iced"},"name":"training_deviance","type":"double","format":"%.5f","description":"Training Deviance"},{"__meta":{"schema_version":-1,"schema_name":"ColumnSpecsBase","schema_type":"Iced"},"name":"validation_rmse","type":"double","format":"%.5f","description":"Validation RMSE"},{"__meta":{"schema_version":-1,"schema_name":"ColumnSpecsBase","schema_type":"Iced"},"name":"validation_mae","type":"double","format":"%.5f","description":"Validation MAE"},{"__meta":{"schema_version":-1,"schema_name":"ColumnSpecsBase","schema_type":"Iced"},"name":"validation_deviance","type":"double","format":"%.5f","description":"Validation Deviance"}],"rowcount":50,"data":[["","","","","","","","","","","","","","","","","","","","","","","","","","","","","","","","","","","","","","","","","","","","","","","","","",""],["2023-11-28 09:46:37","2023-11-28 09:46:37","2023-11-28 09:46:37","2023-11-28 09:46:37","2023-11-28 09:46:37","2023-11-28 09:46:37","2023-11-28 09:46:37","2023-11-28 09:46:37","2023-11-28 09:46:37","2023-11-28 09:46:37","2023-11-28 09:46:37","2023-11-28 09:46:37","2023-11-28 09:46:37","2023-11-28 09:46:37","2023-11-28 09:46:38","2023-11-28 09:46:38","2023-11-28 09:46:38","2023-11-28 09:46:38","2023-11-28 09:46:38","2023-11-28 09:46:38","2023-11-28 09:46:38","2023-11-28 09:46:38","2023-11-28 09:46:38","2023-11-28 09:46:38","2023-11-28 09:46:38","2023-11-28 09:46:38","2023-11-28 09:46:38","2023-11-28 09:46:38","2023-11-28 09:46:38","2023-11-28 09:46:38","2023-11-28 09:46:38","2023-11-28 09:46:38","2023-11-28 09:46:38","2023-11-28 09:46:38","2023-11-28 09:46:38","2023-11-28 09:46:38","2023-11-28 09:46:38","2023-11-28 09:46:38","2023-11-28 09:46:38","2023-11-28 09:46:38","2023-11-28 09:46:38","2023-11-28 09:46:38","2023-11-28 09:46:38","2023-11-28 09:46:38","2023-11-28 09:46:38","2023-11-28 09:46:38","2023-11-28 09:46:38","2023-11-28 09:46:38","2023-11-28 09:46:38","2023-11-28 09:46:38"],[" 0.125 sec"," 0.282 sec"," 0.354 sec"," 0.407 sec"," 0.456 sec"," 0.484 sec"," 0.544 sec"," 0.574 sec"," 0.612 sec"," 0.636 sec"," 0.667 sec"," 0.689 sec"," 0.709 sec"," 0.728 sec"," 0.746 sec"," 0.765 sec"," 0.778 sec"," 0.790 sec"," 0.809 sec"," 0.830 sec"," 0.853 sec"," 0.880 sec"," 0.906 sec"," 0.935 sec"," 1.003 sec"," 1.027 sec"," 1.049 sec"," 1.076 sec"," 1.101 sec"," 1.124 sec"," 1.148 sec"," 1.173 sec"," 1.196 sec"," 1.222 sec"," 1.244 sec"," 1.268 sec"," 1.288 sec"," 1.319 sec"," 1.330 sec"," 1.341 sec"," 1.351 sec"," 1.361 sec"," 1.377 sec"," 1.386 sec"," 1.396 sec"," 1.404 sec"," 1.412 sec"," 1.421 sec"," 1.431 sec"," 1.440 sec"],[0,1,2,3,4,5,6,7,8,9,10,11,12,13,14,15,16,17,18,19,20,21,22,23,24,25,26,27,28,29,30,31,32,33,34,35,36,37,38,39,40,41,42,43,44,45,46,47,48,49],["NaN","NaN","NaN","NaN","NaN","NaN","NaN","NaN","NaN","NaN","NaN","NaN","NaN","NaN","NaN","NaN","NaN","NaN","NaN","NaN","NaN","NaN","NaN","NaN","NaN","NaN","NaN","NaN","NaN","NaN","NaN","NaN","NaN","NaN","NaN","NaN","NaN","NaN","NaN","NaN","NaN","NaN","NaN","NaN","NaN","NaN","NaN","NaN","NaN","NaN"],["NaN","NaN","NaN","NaN","NaN","NaN","NaN","NaN","NaN","NaN","NaN","NaN","NaN","NaN","NaN","NaN","NaN","NaN","NaN","NaN","NaN","NaN","NaN","NaN","NaN","NaN","NaN","NaN","NaN","NaN","NaN","NaN","NaN","NaN","NaN","NaN","NaN","NaN","NaN","NaN","NaN","NaN","NaN","NaN","NaN","NaN","NaN","NaN","NaN","NaN"],["NaN","NaN","NaN","NaN","NaN","NaN","NaN","NaN","NaN","NaN","NaN","NaN","NaN","NaN","NaN","NaN","NaN","NaN","NaN","NaN","NaN","NaN","NaN","NaN","NaN","NaN","NaN","NaN","NaN","NaN","NaN","NaN","NaN","NaN","NaN","NaN","NaN","NaN","NaN","NaN","NaN","NaN","NaN","NaN","NaN","NaN","NaN","NaN","NaN","NaN"],["NaN",0.1344606784614599,0.12808273854177604,0.124248075114306,0.11890666339289681,0.11858788365473805,0.1168631393595208,0.11824315683679266,0.116133361794586,0.11442470664024929,0.11435408328909771,0.11348622994296241,0.11359449130688441,0.11375910249860566,0.11394748219153067,0.11362391982321483,0.11328591126657446,0.11359225642456924,0.11345443997473272,0.11356669423054455,0.11326842095830963,0.1132679958921062,0.11341080287117078,0.11326442283624354,0.11265068355200113,0.1125862319860769,0.11253470838209899,0.11220067265208213,0.11220470108282998,0.11196585821994516,0.11176286707832957,0.11175172449973475,0.11188293312059165,0.11173560465661707,0.11199776544123123,0.11188629680470955,0.11174060530938328,0.11180143466658961,0.11159702008375742,0.11165287040746057,0.11152678503926541,0.11173128364089491,0.11175632220628949,0.11187837498334427,0.11186413381698654,0.11186555653133472,0.11197617678192544,0.11195372486804778,0.11213648696630758,0.11197712344240825],["NaN",0.09464138931241528,0.08903328624778781,0.08681092507195215,0.08233294504983672,0.08214332194163887,0.08178101682114881,0.08210728016906775,0.08067413105725728,0.07990942611234172,0.07958704177804028,0.07899043219146491,0.07854397518389014,0.07866071765891595,0.07896072818562752,0.07855066860801185,0.07878067212355934,0.07846655480140487,0.07852951570189204,0.07837521632805383,0.07832823048570546,0.07824537998924799,0.07827994251174145,0.07823364907733235,0.07783583271124501,0.0779261915277818,0.07784424811769623,0.07784455714564134,0.07801578787793147,0.0778704824743351,0.077853181187877,0.07788172560693227,0.0779412465447014,0.07792164199754921,0.07812648919915395,0.07793687192567175,0.07780347006195631,0.07772238018912957,0.0774574682958248,0.0775023291455656,0.07728207301476907,0.07743070034217796,0.07743085587430866,0.07762414946160315,0.0776847673317295,0.07782269822797552,0.07791602789819503,0.07790106134933324,0.07795994151062492,0.07784553451344299],["NaN",0.018079674052316107,0.01640518791236096,0.015437584169610226,0.014138794599231666,0.014063086149709688,0.01365699334096278,0.01398144413873035,0.013486957721712208,0.013093013489707109,0.013076856364889896,0.012879124386666937,0.012903708455269839,0.012941133401288269,0.0129840286977892,0.012910395155992354,0.012833697691498181,0.012903200719625092,0.012871909949980227,0.012897394038454,0.012829735186388838,0.012829638893414187,0.012862010207883558,0.012828829480427366,0.012690176504733097,0.012675659632822725,0.01266406059064406,0.012588990943579691,0.012589894945087228,0.012536353406928862,0.012490938457568363,0.012488447928664615,0.012517790723666785,0.012484845347979827,0.01254349946382905,0.012518543412671557,0.012485962874907374,0.012499560793507704,0.012453894891574559,0.012466363470225185,0.012438223781194515,0.01248387974404211,0.012489475553075995,0.012516770788913792,0.01251358443462467,0.012513902738065245,0.012538664166697017,0.012533636511830539,0.01257459170914487,0.012538876174436336]]},{"__meta":{"schema_version":3,"schema_name":"TwoDimTableV3","schema_type":"TwoDimTable"},"name":"Scoring History","description":"","columns":[{"__meta":{"schema_version":-1,"schema_name":"ColumnSpecsBase","schema_type":"Iced"},"name":"","type":"string","format":"%s","description":""},{"__meta":{"schema_version":-1,"schema_name":"ColumnSpecsBase","schema_type":"Iced"},"name":"timestamp","type":"string","format":"%s","description":"Timestamp"},{"__meta":{"schema_version":-1,"schema_name":"ColumnSpecsBase","schema_type":"Iced"},"name":"duration","type":"string","format":"%s","description":"Duration"},{"__meta":{"schema_version":-1,"schema_name":"ColumnSpecsBase","schema_type":"Iced"},"name":"number_of_trees","type":"long","format":"%d","description":"Number of Trees"},{"__meta":{"schema_version":-1,"schema_name":"ColumnSpecsBase","schema_type":"Iced"},"name":"training_rmse","type":"double","format":"%.5f","description":"Training RMSE"},{"__meta":{"schema_version":-1,"schema_name":"ColumnSpecsBase","schema_type":"Iced"},"name":"training_mae","type":"double","format":"%.5f","description":"Training MAE"},{"__meta":{"schema_version":-1,"schema_name":"ColumnSpecsBase","schema_type":"Iced"},"name":"training_deviance","type":"double","format":"%.5f","description":"Training Deviance"},{"__meta":{"schema_version":-1,"schema_name":"ColumnSpecsBase","schema_type":"Iced"},"name":"validation_rmse","type":"double","format":"%.5f","description":"Validation RMSE"},{"__meta":{"schema_version":-1,"schema_name":"ColumnSpecsBase","schema_type":"Iced"},"name":"validation_mae","type":"double","format":"%.5f","description":"Validation MAE"},{"__meta":{"schema_version":-1,"schema_name":"ColumnSpecsBase","schema_type":"Iced"},"name":"validation_deviance","type":"double","format":"%.5f","description":"Validation Deviance"}],"rowcount":48,"data":[["","","","","","","","","","","","","","","","","","","","","","","","","","","","","","","","","","","","","","","","","","","","","","","",""],["2023-11-28 09:46:37","2023-11-28 09:46:37","2023-11-28 09:46:37","2023-11-28 09:46:37","2023-11-28 09:46:37","2023-11-28 09:46:37","2023-11-28 09:46:37","2023-11-28 09:46:37","2023-11-28 09:46:37","2023-11-28 09:46:37","2023-11-28 09:46:37","2023-11-28 09:46:37","2023-11-28 09:46:37","2023-11-28 09:46:38","2023-11-28 09:46:38","2023-11-28 09:46:38","2023-11-28 09:46:38","2023-11-28 09:46:38","2023-11-28 09:46:38","2023-11-28 09:46:38","2023-11-28 09:46:38","2023-11-28 09:46:38","2023-11-28 09:46:38","2023-11-28 09:46:38","2023-11-28 09:46:38","2023-11-28 09:46:38","2023-11-28 09:46:38","2023-11-28 09:46:38","2023-11-28 09:46:38","2023-11-28 09:46:38","2023-11-28 09:46:38","2023-11-28 09:46:38","2023-11-28 09:46:38","2023-11-28 09:46:38","2023-11-28 09:46:38","2023-11-28 09:46:38","2023-11-28 09:46:38","2023-11-28 09:46:38","2023-11-28 09:46:38","2023-11-28 09:46:38","2023-11-28 09:46:38","2023-11-28 09:46:38","2023-11-28 09:46:38","2023-11-28 09:46:38","2023-11-28 09:46:38","2023-11-28 09:46:38","2023-11-28 09:46:38","2023-11-28 09:46:38"],[" 0.125 sec"," 0.281 sec"," 0.355 sec"," 0.413 sec"," 0.465 sec"," 0.543 sec"," 0.570 sec"," 0.608 sec"," 0.631 sec"," 0.667 sec"," 0.687 sec"," 0.702 sec"," 0.721 sec"," 0.733 sec"," 0.747 sec"," 0.765 sec"," 0.783 sec"," 0.796 sec"," 0.820 sec"," 0.843 sec"," 0.864 sec"," 0.885 sec"," 0.907 sec"," 0.935 sec"," 1.003 sec"," 1.029 sec"," 1.050 sec"," 1.076 sec"," 1.101 sec"," 1.122 sec"," 1.148 sec"," 1.173 sec"," 1.195 sec"," 1.219 sec"," 1.238 sec"," 1.261 sec"," 1.284 sec"," 1.302 sec"," 1.325 sec"," 1.335 sec"," 1.345 sec"," 1.357 sec"," 1.374 sec"," 1.384 sec"," 1.396 sec"," 1.406 sec"," 1.416 sec"," 1.426 sec"],[0,1,2,3,4,5,6,7,8,9,10,11,12,13,14,15,16,17,18,19,20,21,22,23,24,25,26,27,28,29,30,31,32,33,34,35,36,37,38,39,40,41,42,43,44,45,46,47],["NaN","NaN","NaN","NaN","NaN","NaN","NaN","NaN","NaN","NaN","NaN","NaN","NaN","NaN","NaN","NaN","NaN","NaN","NaN","NaN","NaN","NaN","NaN","NaN","NaN","NaN","NaN","NaN","NaN","NaN","NaN","NaN","NaN","NaN","NaN","NaN","NaN","NaN","NaN","NaN","NaN","NaN","NaN","NaN","NaN","NaN","NaN","NaN"],["NaN","NaN","NaN","NaN","NaN","NaN","NaN","NaN","NaN","NaN","NaN","NaN","NaN","NaN","NaN","NaN","NaN","NaN","NaN","NaN","NaN","NaN","NaN","NaN","NaN","NaN","NaN","NaN","NaN","NaN","NaN","NaN","NaN","NaN","NaN","NaN","NaN","NaN","NaN","NaN","NaN","NaN","NaN","NaN","NaN","NaN","NaN","NaN"],["NaN","NaN","NaN","NaN","NaN","NaN","NaN","NaN","NaN","NaN","NaN","NaN","NaN","NaN","NaN","NaN","NaN","NaN","NaN","NaN","NaN","NaN","NaN","NaN","NaN","NaN","NaN","NaN","NaN","NaN","NaN","NaN","NaN","NaN","NaN","NaN","NaN","NaN","NaN","NaN","NaN","NaN","NaN","NaN","NaN","NaN","NaN","NaN"],["NaN",0.1318025516310565,0.13006727079178473,0.1290077335712299,0.1250336254882077,0.12239588321019394,0.12103330810386324,0.12190721980757117,0.12135625407562883,0.12061788762376077,0.12055705992182128,0.12108886469569621,0.1208265454918071,0.12198774668928518,0.1220055681835903,0.12236257231067882,0.12180087030142167,0.12145627227679964,0.12116868610148418,0.12111863249581133,0.1208054958562641,0.12082398204579431,0.12088070849470686,0.12115902423114581,0.12134151172182853,0.120989749714932,0.1210009978152152,0.12056602843443473,0.12037510775550811,0.12014350749642969,0.12029625376540652,0.12028199923387654,0.12012007129867258,0.12028814630675567,0.12026393177864748,0.12031186503430705,0.12025499287211724,0.12005734706687644,0.12009624196166695,0.12035319908226569,0.1202916293253107,0.1202691275276052,0.12038610085598941,0.12032623534752973,0.12024563411167699,0.12041541301880733,0.12051869155027962,0.12057109856114066],["NaN",0.09195331085923335,0.08832596889353239,0.08565179517146791,0.08470244187511654,0.08336564478333168,0.08326038830107296,0.08313343611528895,0.08263225785937885,0.08207980656369926,0.08177669136191175,0.082018761468291,0.0819877088174091,0.08309376440128756,0.08328861492210048,0.08349402331740863,0.08309104056691363,0.08280224377598996,0.08255372105248267,0.08243685258905752,0.0822212620082018,0.08220471434572584,0.08218111944980944,0.08208903849156438,0.08231186133369776,0.08225934265318932,0.08238740595154732,0.08207437004931058,0.08225291075090291,0.08224911627214639,0.08252659749939738,0.08252934459475897,0.08250477135450197,0.08238505704268946,0.08227267264077076,0.08234393064625564,0.08224098589049067,0.08195264573529458,0.08201047905672405,0.08205350508249559,0.08188532941768432,0.08193885221242553,0.0818461288881663,0.08167935058486753,0.08158777348635811,0.08157416451305684,0.08166707931958767,0.08182440251901933],["NaN",0.017371912616457312,0.016917494931223458,0.01664299532118544,0.01563340750272538,0.014980752226803437,0.014649061670564689,0.014861370241211473,0.014727340403268578,0.014548674814818181,0.014534004696993608,0.014662513153292625,0.01459905409548373,0.014881010342329207,0.014885358667800701,0.014972599102486104,0.014835452006183743,0.014751626075376091,0.014681850491560004,0.014669723137655404,0.014593967829077842,0.014598434637402426,0.014612145686182295,0.01467950915264338,0.01472376246693865,0.014638519536081888,0.014641241472277713,0.014536167212452922,0.01449016656715019,0.014434462393544657,0.014471188669991081,0.014467759339698278,0.014428831528798184,0.014469238141915457,0.014463413286859177,0.014474944868033315,0.014461263310672968,0.014413766584736427,0.014423107333315251,0.014484892529335477,0.014470076085737952,0.014464663036251362,0.014492813279308455,0.014478402912909112,0.014459012522919298,0.014499871692489954,0.014524755012991442,0.014537389808240295]]}],"reproducibility_information_table":[{"__meta":{"schema_version":3,"schema_name":"TwoDimTableV3","schema_type":"TwoDimTable"},"name":"Node Information","description":"","columns":[{"__meta":{"schema_version":-1,"schema_name":"ColumnSpecsBase","schema_type":"Iced"},"name":"","type":"string","format":"%s","description":""},{"__meta":{"schema_version":-1,"schema_name":"ColumnSpecsBase","schema_type":"Iced"},"name":"node","type":"int","format":"%d","description":"node"},{"__meta":{"schema_version":-1,"schema_name":"ColumnSpecsBase","schema_type":"Iced"},"name":"h2o","type":"string","format":"%s","description":"h2o"},{"__meta":{"schema_version":-1,"schema_name":"ColumnSpecsBase","schema_type":"Iced"},"name":"healthy","type":"string","format":"%s","description":"healthy"},{"__meta":{"schema_version":-1,"schema_name":"ColumnSpecsBase","schema_type":"Iced"},"name":"last_ping","type":"string","format":"%s","description":"last_ping"},{"__meta":{"schema_version":-1,"schema_name":"ColumnSpecsBase","schema_type":"Iced"},"name":"num_cpus","type":"int","format":"%d","description":"num_cpus"},{"__meta":{"schema_version":-1,"schema_name":"ColumnSpecsBase","schema_type":"Iced"},"name":"sys_load","type":"double","format":"%.5f","description":"sys_load"},{"__meta":{"schema_version":-1,"schema_name":"ColumnSpecsBase","schema_type":"Iced"},"name":"mem_value_size","type":"long","format":"%d","description":"mem_value_size"},{"__meta":{"schema_version":-1,"schema_name":"ColumnSpecsBase","schema_type":"Iced"},"name":"free_mem","type":"long","format":"%d","description":"free_mem"},{"__meta":{"schema_version":-1,"schema_name":"ColumnSpecsBase","schema_type":"Iced"},"name":"pojo_mem","type":"long","format":"%d","description":"pojo_mem"},{"__meta":{"schema_version":-1,"schema_name":"ColumnSpecsBase","schema_type":"Iced"},"name":"swap_mem","type":"long","format":"%d","description":"swap_mem"},{"__meta":{"schema_version":-1,"schema_name":"ColumnSpecsBase","schema_type":"Iced"},"name":"free_disc","type":"long","format":"%d","description":"free_disc"},{"__meta":{"schema_version":-1,"schema_name":"ColumnSpecsBase","schema_type":"Iced"},"name":"max_disc","type":"long","format":"%d","description":"max_disc"},{"__meta":{"schema_version":-1,"schema_name":"ColumnSpecsBase","schema_type":"Iced"},"name":"pid","type":"int","format":"%d","description":"pid"},{"__meta":{"schema_version":-1,"schema_name":"ColumnSpecsBase","schema_type":"Iced"},"name":"num_keys","type":"int","format":"%d","description":"num_keys"},{"__meta":{"schema_version":-1,"schema_name":"ColumnSpecsBase","schema_type":"Iced"},"name":"tcps_active","type":"string","format":"%s","description":"tcps_active"},{"__meta":{"schema_version":-1,"schema_name":"ColumnSpecsBase","schema_type":"Iced"},"name":"open_fds","type":"int","format":"%d","description":"open_fds"},{"__meta":{"schema_version":-1,"schema_name":"ColumnSpecsBase","schema_type":"Iced"},"name":"rpcs_active","type":"string","format":"%s","description":"rpcs_active"},{"__meta":{"schema_version":-1,"schema_name":"ColumnSpecsBase","schema_type":"Iced"},"name":"nthreads","type":"int","format":"%d","description":"nthreads"},{"__meta":{"schema_version":-1,"schema_name":"ColumnSpecsBase","schema_type":"Iced"},"name":"is_leader","type":"string","format":"%s","description":"is_leader"},{"__meta":{"schema_version":-1,"schema_name":"ColumnSpecsBase","schema_type":"Iced"},"name":"total_mem","type":"long","format":"%d","description":"total_mem"},{"__meta":{"schema_version":-1,"schema_name":"ColumnSpecsBase","schema_type":"Iced"},"name":"max_mem","type":"long","format":"%d","description":"max_mem"},{"__meta":{"schema_version":-1,"schema_name":"ColumnSpecsBase","schema_type":"Iced"},"name":"java_version","type":"string","format":"%s","description":"java_version"},{"__meta":{"schema_version":-1,"schema_name":"ColumnSpecsBase","schema_type":"Iced"},"name":"jvm_launch_parameters","type":"string","format":"%s","description":"jvm_launch_parameters"},{"__meta":{"schema_version":-1,"schema_name":"ColumnSpecsBase","schema_type":"Iced"},"name":"os_version","type":"string","format":"%s","description":"os_version"},{"__meta":{"schema_version":-1,"schema_name":"ColumnSpecsBase","schema_type":"Iced"},"name":"machine_physical_mem","type":"long","format":"%d","description":"machine_physical_mem"},{"__meta":{"schema_version":-1,"schema_name":"ColumnSpecsBase","schema_type":"Iced"},"name":"machine_locale","type":"string","format":"%s","description":"machine_locale"}],"rowcount":1,"data":[[""],[0],["127.0.0.1:54321"],["true"],["1701175598080"],[12],[0.8031949],[0],[10737418240],[0],[0],[1668969136128],[2048389021696],[848],[1114],["\u0000"],[-1],["\u0000"],[12],["true"],[10737418240],[10737418240],["Java 11.0.9.1 (from Azul Systems, Inc.)"],["[-ea, -Xms10G]"],["Windows 10 10.0 (amd64)"],[25716703232],["en_GB"]]},{"__meta":{"schema_version":3,"schema_name":"TwoDimTableV3","schema_type":"TwoDimTable"},"name":"Cluster Configuration","description":"","columns":[{"__meta":{"schema_version":-1,"schema_name":"ColumnSpecsBase","schema_type":"Iced"},"name":"","type":"string","format":"%s","description":""},{"__meta":{"schema_version":-1,"schema_name":"ColumnSpecsBase","schema_type":"Iced"},"name":"h2o_cluster_uptime","type":"long","format":"%d","description":"H2O cluster uptime"},{"__meta":{"schema_version":-1,"schema_name":"ColumnSpecsBase","schema_type":"Iced"},"name":"h2o_cluster_timezone","type":"string","format":"%s","description":"H2O cluster timezone"},{"__meta":{"schema_version":-1,"schema_name":"ColumnSpecsBase","schema_type":"Iced"},"name":"h2o_data_parsing_timezone","type":"string","format":"%s","description":"H2O data parsing timezone"},{"__meta":{"schema_version":-1,"schema_name":"ColumnSpecsBase","schema_type":"Iced"},"name":"h2o_cluster_version","type":"string","format":"%s","description":"H2O cluster version"},{"__meta":{"schema_version":-1,"schema_name":"ColumnSpecsBase","schema_type":"Iced"},"name":"h2o_cluster_version_age","type":"string","format":"%s","description":"H2O cluster version age"},{"__meta":{"schema_version":-1,"schema_name":"ColumnSpecsBase","schema_type":"Iced"},"name":"h2o_cluster_name","type":"string","format":"%s","description":"H2O cluster name"},{"__meta":{"schema_version":-1,"schema_name":"ColumnSpecsBase","schema_type":"Iced"},"name":"h2o_cluster_total_nodes","type":"int","format":"%d","description":"H2O cluster total nodes"},{"__meta":{"schema_version":-1,"schema_name":"ColumnSpecsBase","schema_type":"Iced"},"name":"h2o_cluster_free_memory","type":"long","format":"%d","description":"H2O cluster free memory"},{"__meta":{"schema_version":-1,"schema_name":"ColumnSpecsBase","schema_type":"Iced"},"name":"h2o_cluster_total_cores","type":"int","format":"%d","description":"H2O cluster total cores"},{"__meta":{"schema_version":-1,"schema_name":"ColumnSpecsBase","schema_type":"Iced"},"name":"h2o_cluster_allowed_cores","type":"int","format":"%d","description":"H2O cluster allowed cores"},{"__meta":{"schema_version":-1,"schema_name":"ColumnSpecsBase","schema_type":"Iced"},"name":"h2o_cluster_status","type":"string","format":"%s","description":"H2O cluster status"},{"__meta":{"schema_version":-1,"schema_name":"ColumnSpecsBase","schema_type":"Iced"},"name":"h2o_internal_security","type":"string","format":"%s","description":"H2O internal security"},{"__meta":{"schema_version":-1,"schema_name":"ColumnSpecsBase","schema_type":"Iced"},"name":"h2o_api_extensions","type":"string","format":"%s","description":"H2O API Extensions"}],"rowcount":1,"data":[[""],[4660],["America/Sao_Paulo"],["UTC"],["3.44.0.2"],["19 days"],["H2O_from_python_rafae_30g0tx"],[1],[10737418240],[12],[12],["locked, healthly"],["false"],["Mojo 2 pipeline extensions, Amazon S3, Algos, Infogram, AutoML, Core V3, TargetEncoder, Core V4"]]},{"__meta":{"schema_version":3,"schema_name":"TwoDimTableV3","schema_type":"TwoDimTable"},"name":"Input Frames Information","description":"","columns":[{"__meta":{"schema_version":-1,"schema_name":"ColumnSpecsBase","schema_type":"Iced"},"name":"","type":"string","format":"%s","description":""},{"__meta":{"schema_version":-1,"schema_name":"ColumnSpecsBase","schema_type":"Iced"},"name":"input_frame","type":"string","format":"%s","description":"Input Frame"},{"__meta":{"schema_version":-1,"schema_name":"ColumnSpecsBase","schema_type":"Iced"},"name":"checksum","type":"long","format":"%d","description":"Checksum"},{"__meta":{"schema_version":-1,"schema_name":"ColumnSpecsBase","schema_type":"Iced"},"name":"espc","type":"string","format":"%d","description":"ESPC"}],"rowcount":3,"data":[["","",""],["training_frame","validation_frame","calibration_frame"],[-1384332884041685630,-2261475895212066202,-1],["[0, 740, 1480]","[0, 322]","-1"]]}],"training_metrics":{"__meta":{"schema_version":3,"schema_name":"ModelMetricsRegressionV3","schema_type":"ModelMetricsRegression"},"model":{"__meta":{"schema_version":3,"schema_name":"ModelKeyV3","schema_type":"Key<Model>"},"name":"Grid_DRF_Train_model_python_1701175593760_1_model_1","type":"Key<Model>","URL":"/3/Models/Grid_DRF_Train_model_python_1701175593760_1_model_1"},"model_checksum":7864259490004296384,"frame":null,"frame_checksum":0,"description":"Metrics reported on Out-Of-Bag training samples","model_category":"Regression","scoring_time":1701175599088,"predictions":null,"MSE":"NaN","RMSE":"NaN","nobs":0,"custom_metric_name":null,"custom_metric_value":0.0,"r2":"NaN","mean_residual_deviance":"NaN","mae":"NaN","rmsle":"NaN"},"validation_metrics":{"__meta":{"schema_version":3,"schema_name":"ModelMetricsRegressionV3","schema_type":"ModelMetricsRegression"},"model":{"__meta":{"schema_version":3,"schema_name":"ModelKeyV3","schema_type":"Key<Model>"},"name":"Grid_DRF_Train_model_python_1701175593760_1_model_1","type":"Key<Model>","URL":"/3/Models/Grid_DRF_Train_model_python_1701175593760_1_model_1"},"model_checksum":7864259490004296384,"frame":null,"frame_checksum":0,"description":"Validation metrics","model_category":"Regression","scoring_time":1701175599091,"predictions":null,"MSE":0.01105879307049202,"RMSE":0.10516079626216235,"nobs":322,"custom_metric_name":null,"custom_metric_value":0.0,"r2":0.7336809461815391,"mean_residual_deviance":0.01105879307049202,"mae":0.07281232490638116,"rmsle":0.07181147839160854},"cross_validation_metrics":{"__meta":{"schema_version":3,"schema_name":"ModelMetricsRegressionV3","schema_type":"ModelMetricsRegression"},"model":{"__meta":{"schema_version":3,"schema_name":"ModelKeyV3","schema_type":"Key<Model>"},"name":"Grid_DRF_Train_model_python_1701175593760_1_model_1","type":"Key<Model>","URL":"/3/Models/Grid_DRF_Train_model_python_1701175593760_1_model_1"},"model_checksum":7864259490004296384,"frame":null,"frame_checksum":0,"description":"5-fold cross-validation on training data (Metrics computed for combined holdout predictions)","model_category":"Regression","scoring_time":1701175599097,"predictions":null,"MSE":0.013277128741403204,"RMSE":0.11522642379855066,"nobs":1480,"custom_metric_name":null,"custom_metric_value":0.0,"r2":0.6828934297502913,"mean_residual_deviance":0.013277128741403204,"mae":0.08071517137651281,"rmsle":0.07733918752887162},"cross_validation_metrics_summary":{"__meta":{"schema_version":3,"schema_name":"TwoDimTableV3","schema_type":"TwoDimTable"},"name":"Cross-Validation Metrics Summary","description":"","columns":[{"__meta":{"schema_version":-1,"schema_name":"ColumnSpecsBase","schema_type":"Iced"},"name":"","type":"string","format":"%s","description":""},{"__meta":{"schema_version":-1,"schema_name":"ColumnSpecsBase","schema_type":"Iced"},"name":"mean","type":"float","format":"%f","description":"mean"},{"__meta":{"schema_version":-1,"schema_name":"ColumnSpecsBase","schema_type":"Iced"},"name":"sd","type":"float","format":"%f","description":"sd"},{"__meta":{"schema_version":-1,"schema_name":"ColumnSpecsBase","schema_type":"Iced"},"name":"cv_1_valid","type":"float","format":"%f","description":"cv_1_valid"},{"__meta":{"schema_version":-1,"schema_name":"ColumnSpecsBase","schema_type":"Iced"},"name":"cv_2_valid","type":"float","format":"%f","description":"cv_2_valid"},{"__meta":{"schema_version":-1,"schema_name":"ColumnSpecsBase","schema_type":"Iced"},"name":"cv_3_valid","type":"float","format":"%f","description":"cv_3_valid"},{"__meta":{"schema_version":-1,"schema_name":"ColumnSpecsBase","schema_type":"Iced"},"name":"cv_4_valid","type":"float","format":"%f","description":"cv_4_valid"},{"__meta":{"schema_version":-1,"schema_name":"ColumnSpecsBase","schema_type":"Iced"},"name":"cv_5_valid","type":"float","format":"%f","description":"cv_5_valid"}],"rowcount":7,"data":[["mae","mean_residual_deviance","mse","r2","residual_deviance","rmse","rmsle"],[0.0806903,0.013329688,0.013329688,0.68143255,0.013329688,0.11533095,0.077340394],[0.0045966445,0.0013848505,0.0013848505,0.008437107,0.0013848505,0.0059645264,0.005010646],[0.08790548,0.015052438,0.015052438,0.68247074,0.015052438,0.122688375,0.082702205],[0.075946935,0.011853404,0.011853404,0.68570167,0.011853404,0.10887334,0.07186154],[0.07992914,0.012666335,0.012666335,0.6776594,0.012666335,0.11254481,0.075131215],[0.077845536,0.012538876,0.012538876,0.69184625,0.012538876,0.11197712,0.074375965],[0.0818244,0.014537389,0.014537389,0.66948456,0.014537389,0.1205711,0.08263106]]},"status":null,"start_time":1701175598782,"end_time":1701175599094,"run_time":312,"default_threshold":0.5,"help":{"domains":"Domains for categorical columns", "__meta":"Metadata on this schema instance, to make it self-describing.", "help":"Help information for output fields", "training_metrics":"Training data model metrics", "cross_validation_models":"Cross-validation models (model ids)", "cross_validation_predictions":"Cross-validation predictions, one per cv model (deprecated, use cross_validation_holdout_predictions_frame_id instead)", "cross_validation_metrics_summary":"Cross-validation model metrics summary", "status":"Job status", "reproducibility_information_table":"Model reproducibility information", "variable_importances":"Variable Importances", "model_summary":"Model summary", "end_time":"End time in milliseconds", "names":"Column names", "cross_validation_fold_assignment_frame_id":"Cross-validation fold assignment (each row is assigned to one holdout fold)", "run_time":"Runtime in milliseconds", "default_threshold":"Default threshold used for predictions", "scoring_history":"Scoring history", "cross_validation_holdout_predictions_frame_id":"Cross-validation holdout predictions (full out-of-sample predictions on training data)", "init_f":"The Intercept term, the initial model function value to which trees make adjustments", "model_category":"Category of the model (e.g., Binomial)", "column_types":"Column types", "original_names":"Original column names", "start_time":"Start time in milliseconds", "cv_scoring_history":"Cross-Validation scoring history", "cross_validation_metrics":"Cross-validation model metrics", "validation_metrics":"Validation data model metrics"},"variable_importances":{"__meta":{"schema_version":3,"schema_name":"TwoDimTableV3","schema_type":"TwoDimTable"},"name":"Variable Importances","description":"","columns":[{"__meta":{"schema_version":-1,"schema_name":"ColumnSpecsBase","schema_type":"Iced"},"name":"variable","type":"string","format":"%s","description":"Variable"},{"__meta":{"schema_version":-1,"schema_name":"ColumnSpecsBase","schema_type":"Iced"},"name":"relative_importance","type":"double","format":"%5f","description":"Relative Importance"},{"__meta":{"schema_version":-1,"schema_name":"ColumnSpecsBase","schema_type":"Iced"},"name":"scaled_importance","type":"double","format":"%5f","description":"Scaled Importance"},{"__meta":{"schema_version":-1,"schema_name":"ColumnSpecsBase","schema_type":"Iced"},"name":"percentage","type":"double","format":"%5f","description":"Percentage"}],"rowcount":10,"data":[["vf_total","name_part1","temp_cold","name_part2","material_group","temp_sinter_1","time_sub","name_fluid1","time_sinter_1","cooling_rate"],[594.0430908203125,409.2872314453125,161.55606079101562,158.76296997070312,151.8878173828125,94.66915893554688,49.825706481933594,46.57717514038086,39.86373519897461,22.110803604125977],[1.0,0.6889857617569946,0.27196017138743805,0.2672583393764714,0.25568484800163405,0.15936412761710347,0.08387557611877854,0.07840706484114235,0.06710579723084883,0.03722087495974952],[0.34365884262129026,0.23677604946795677,0.0934615177380947,0.09184569159100618,0.08786835894004208,0.05476689165224538,0.028824583413173368,0.026945281156639442,0.023061500609532496,0.012791282810019282]]},"init_f":0.0},"compatible_frames":null}
